graph_id,x,y,point_no
3787,480,2440,524
3787,480,2440,525
3787,470,2450,526
3787,460,2450,527
3787,450,2450,528
3787,440,2450,529
3787,430,2450,530
3787,420,2450,531
3787,420,2460,532
3787,410,2470,533
3787,400,2480,534
3787,390,2490,535
3787,380,2490,536
3787,370,2490,537
3787,370,2490,538
3787,360,2490,539
3787,350,2490,540
3787,350,2490,541
3787,340,2490,542
3787,330,2500,543
3787,320,2520,544
3787,310,2530,545
3787,310,2540,546
3787,300,2560,547
3787,290,2570,548
3787,280,2580,549
3787,280,2590,550
3787,270,2590,551
3787,260,2590,552
3787,260,2590,553
3787,250,2590,554
3787,240,2590,555
3787,230,2590,556
3787,230,2590,557
3787,220,2590,558
3787,210,2590,559
3787,210,2600,560
3787,200,2610,561
3787,190,2610,562
3787,190,2620,563
3787,180,2630,564
3787,170,2630,565
3787,170,2630,566
3787,160,2630,567
3787,160,2630,568
3787,150,2630,569
3787,150,2640,570
3787,140,2660,571
3787,130,2670,572
3787,130,2680,573
3787,120,2680,574
3787,120,2680,575
3787,110,2680,576
3787,110,2680,577
3787,100,2680,578
3787,100,2680,579
3787,90,2670,580
3787,90,2660,581
3787,80,2660,582
3787,80,2650,583
3787,70,2650,584
3787,70,2650,585
3787,70,2650,586
3787,60,2650,587
3787,60,2660,588
3787,60,2660,589
3787,50,2660,590
3787,50,2670,591
3787,40,2680,592
3787,40,2680,593
3787,40,2680,594
3787,40,2680,595
3787,30,2680,596
3787,30,2680,597
3787,30,2690,598
3787,20,2690,599
3787,20,2690,600
3787,20,2700,601
3787,20,2690,602
3787,20,2690,603
3787,10,2690,604
3787,10,2690,605
3787,10,2690,606
3787,10,2690,607
3787,10,2690,608
3787,10,2690,609
3787,10,2700,610
3787,0,2700,611
3787,0,2710,612
3787,0,2710,613
3787,0,2710,614
3787,0,2720,615
3787,0,2730,616
3787,0,2730,617
3787,0,2750,618
3787,0,2750,619
3787,0,2760,620
3787,0,2760,621
3787,0,2770,622
3787,0,2780,623
3787,0,2780,624
3787,0,2780,625
3787,0,2770,626
3787,0,2770,627
3787,0,2770,628
3787,0,2770,629
3787,0,2770,630
3787,0,2770,631
3787,0,2770,632
3787,0,2770,633
3787,0,2770,634
3787,0,2770,635
3787,10,2780,636
3787,10,2780,637
3787,10,2790,638
3787,10,2790,639
3787,10,2800,640
3787,10,2800,641
3787,20,2820,642
3787,20,2830,643
3787,20,2850,644
3787,20,2860,645
3787,70,2930,17
3787,70,2930,18
3787,80,2930,19
3787,80,2930,20
3787,80,2920,21
3787,90,2920,22
3787,90,2920,23
3787,100,2920,24
3787,100,2920,25
3787,110,2910,26
3787,110,2910,27
3787,110,2900,28
3787,120,2900,29
3787,120,2900,30
3787,130,2890,31
3787,130,2880,32
3787,140,2870,33
3787,140,2850,34
3787,150,2830,35
3787,150,2820,36
3787,160,2820,37
3787,160,2810,38
3787,160,2800,39
3787,170,2790,40
3787,170,2780,41
3787,180,2770,42
3787,180,2770,43
3787,190,2770,44
3787,200,2770,45
3787,200,2770,46
3787,210,2770,47
3787,210,2770,48
3787,220,2770,49
3787,220,2770,50
3787,230,2770,51
3787,230,2770,52
3787,240,2780,53
3787,250,2780,54
3787,250,2780,55
3787,260,2780,56
3787,260,2780,57
3787,270,2780,58
3787,270,2790,59
3787,280,2800,60
3787,290,2800,61
3787,290,2800,62
3787,300,2810,63
3787,310,2810,64
3787,310,2820,65
3787,320,2830,66
3787,320,2850,67
3787,330,2850,68
3787,340,2860,69
3787,340,2870,70
3787,350,2870,71
3787,350,2870,72
3787,360,2890,73
3787,360,2890,74
3787,370,2900,75
3787,380,2900,76
3787,380,2900,77
3787,390,2900,78
3787,400,2900,79
3787,410,2900,80
3787,410,2900,81
3787,420,2890,82
3787,430,2900,83
3787,430,2890,84
3787,440,2880,85
3787,450,2880,86
3787,450,2870,87
3787,460,2870,88
3787,470,2870,89
3787,470,2870,90
3787,480,2870,91
3787,490,2850,92
3787,500,2840,93
3787,500,2840,94
3787,510,2830,95
3787,520,2830,96
3787,530,2830,97
3787,530,2820,98
3787,540,2810,99
3787,550,2800,100
3787,560,2790,101
3787,560,2790,102
3787,570,2790,103
3787,580,2780,104
3787,590,2780,105
3787,590,2770,106
3787,600,2760,107
3787,610,2750,108
3787,620,2750,109
3787,620,2750,110
3787,630,2750,111
3787,640,2760,112
3787,650,2760,113
3787,660,2760,114
3787,660,2760,115
3787,670,2760,116
3787,680,2770,117
3787,680,2770,118
3787,690,2780,119
3787,700,2780,120
3787,700,2780,121
3787,710,2780,122
3787,720,2780,123
3787,730,2780,124
3787,730,2800,125
3787,740,2800,126
3787,750,2810,127
3787,760,2810,128
3787,760,2810,129
3787,770,2810,130
3787,780,2820,131
3787,790,2820,132
3787,790,2820,133
3787,800,2830,134
3787,810,2830,135
3787,820,2830,136
3787,830,2830,137
3787,830,2830,138
3787,840,2840,139
3787,850,2840,140
3787,860,2850,141
3787,860,2850,142
3787,870,2850,143
3787,880,2840,144
3787,890,2840,145
3787,900,2840,146
3787,900,2830,147
3787,910,2830,148
3787,920,2830,149
3787,930,2830,150
3787,930,2820,151
3787,940,2820,152
3787,950,2810,153
3787,960,2800,154
3787,970,2800,155
3787,970,2800,156
3787,980,2790,157
3787,990,2780,158
3787,990,2770,159
3787,1000,2770,160
3787,1010,2770,161
3787,1020,2770,162
3787,1030,2770,163
3787,1030,2760,164
3787,1040,2760,165
3787,1050,2760,166
3787,1060,2750,167
3787,1060,2750,168
3787,1060,2750,169
3787,1070,2750,170
3787,1080,2750,171
3787,1090,2740,172
3787,1090,2730,173
3787,1100,2710,174
3787,1110,2710,175
3787,1120,2710,176
3787,1120,2710,177
3787,1130,2710,178
3787,1140,2710,179
3787,1140,2710,180
3787,1150,2710,181
3787,1160,2710,182
3787,1160,2710,183
3787,1170,2710,184
3787,1180,2710,185
3787,1180,2710,186
3787,1190,2720,187
3787,1200,2720,188
3787,1200,2720,189
3787,1210,2720,190
3787,1220,2720,191
3787,1220,2720,192
3787,1230,2730,193
3787,1240,2720,194
3787,1240,2720,195
3787,1250,2720,196
3787,1250,2720,197
3787,1260,2730,198
3787,1270,2720,199
3787,1270,2720,200
3787,1280,2710,201
3787,1280,2710,202
3787,1290,2700,203
3787,1290,2700,204
3787,1300,2700,205
3787,1310,2710,206
3787,1310,2710,207
3787,1320,2730,208
3787,1320,2730,209
3787,1330,2730,210
3787,1330,2720,211
3787,1340,2720,212
3787,1340,2720,213
3787,1350,2720,214
3787,1350,2720,215
3787,1360,2710,216
3787,1360,2710,217
3787,1370,2700,218
3787,1370,2700,219
3787,1370,2690,220
3787,1380,2680,221
3787,1380,2680,222
3787,1390,2680,223
3787,1390,2670,224
3787,1400,2660,225
3787,1400,2660,226
3787,1400,2650,227
3787,1410,2660,228
3787,1410,2650,229
3787,1410,2650,230
3787,1420,2650,231
3787,1420,2640,232
3787,1420,2640,233
3787,1430,2640,234
3787,1430,2650,235
3787,1440,2650,236
3787,1440,2650,237
3787,1440,2650,238
3787,1450,2640,239
3787,1450,2640,240
3787,1450,2630,241
3787,1450,2630,242
3787,1460,2630,243
3787,1460,2620,244
3787,1460,2620,245
3787,1470,2620,246
3787,1470,2620,247
3787,1470,2620,248
3787,1470,2620,249
3787,1480,2620,250
3787,1480,2620,251
3787,1480,2620,252
3787,1480,2630,253
3787,1490,2630,254
3787,1490,2640,255
3787,1490,2640,256
3787,1490,2640,257
3787,1490,2640,258
3787,1500,2650,259
3787,1500,2650,260
3787,1500,2650,261
3787,1500,2650,262
3787,1500,2650,263
3787,1500,2650,264
3787,1510,2650,265
3787,1510,2650,266
3787,1510,2650,267
3787,1510,2650,268
3787,1510,2650,269
3787,1510,2640,270
3787,1510,2640,271
3787,1510,2640,272
3787,1510,2640,273
3787,1510,2640,274
3787,1520,2650,275
3787,1520,2650,276
3787,1520,2650,277
3787,1520,2650,278
3787,1520,2650,279
3787,1520,2650,280
3787,1520,2650,281
3787,1520,2640,282
3787,1520,2640,283
3787,1520,2640,284
3787,1520,2640,285
3787,1520,2640,286
3787,1520,2640,287
3787,1520,2630,288
3787,1520,2610,289
3787,1520,2600,290
3787,1520,2600,291
3787,1520,2600,292
3787,1520,2600,293
3787,1520,2590,294
3787,1520,2590,295
3787,1520,2580,296
3787,1520,2580,297
3787,1520,2590,298
3787,1520,2580,299
3787,1520,2580,300
3787,1520,2580,301
3787,1520,2580,302
3787,1520,2580,303
3787,1520,2580,304
3787,1520,2570,305
3787,1510,2570,306
3787,1510,2560,307
3787,1510,2550,308
3787,1510,2550,309
3787,1510,2550,310
3787,1510,2540,311
3787,1510,2540,312
3787,1510,2530,313
3787,1510,2530,314
3787,1510,2520,315
3787,1500,2520,316
3787,1500,2520,317
3787,1500,2510,318
3787,1500,2500,319
3787,1500,2500,320
3787,1500,2490,321
3787,1500,2480,322
3787,1490,2470,323
3787,1490,2470,324
3787,1490,2460,325
3787,1490,2460,326
3787,1490,2460,327
3787,1490,2470,328
3787,1480,2470,329
3787,1480,2470,330
3787,1480,2470,331
3787,1480,2470,332
3787,1480,2470,333
3787,1470,2470,334
3787,1470,2470,335
3787,1470,2470,336
3787,1470,2470,337
3787,1470,2480,338
3787,1470,2480,339
3787,1460,2490,340
3787,1460,2490,341
3787,1460,2490,342
3787,1460,2500,343
3787,1450,2500,344
3787,1450,2500,345
3787,1450,2510,346
3787,1450,2510,347
3787,1440,2520,348
3787,1440,2520,349
3787,1440,2520,350
3787,1440,2520,351
3787,1430,2520,352
3787,1430,2520,353
3787,1430,2530,354
3787,1420,2540,355
3787,1420,2540,356
3787,1420,2550,357
3787,1420,2550,358
3787,1410,2550,359
3787,1410,2540,360
3787,1410,2540,361
3787,1410,2530,362
3787,1410,2530,363
3787,1400,2530,364
3787,1400,2530,365
3787,1400,2530,366
3787,1390,2530,367
3787,1390,2520,368
3787,1390,2520,369
3787,1390,2520,370
3787,1380,2510,371
3787,1380,2510,372
3787,1370,2510,373
3787,1370,2500,374
3787,1370,2500,375
3787,1360,2490,376
3787,1360,2480,377
3787,1360,2480,378
3787,1360,2470,379
3787,1350,2470,380
3787,1350,2470,381
3787,1340,2460,382
3787,1340,2460,383
3787,1340,2460,384
3787,1330,2460,385
3787,1330,2460,386
3787,1330,2450,387
3787,1320,2450,388
3787,1320,2440,389
3787,1310,2430,390
3787,1310,2430,391
3787,1310,2430,392
3787,1300,2430,393
3787,1300,2440,394
3787,1300,2450,395
3787,1290,2450,396
3787,1290,2450,397
3787,1280,2440,398
3787,1280,2440,399
3787,1280,2450,400
3787,1270,2450,401
3787,1270,2460,402
3787,1260,2460,403
3787,1260,2460,404
3787,1250,2470,405
3787,1250,2460,406
3787,1250,2460,407
3787,1240,2470,408
3787,1240,2480,409
3787,1230,2480,410
3787,1230,2490,411
3787,1220,2490,412
3787,1220,2490,413
3787,1210,2490,414
3787,1210,2490,415
3787,1200,2490,416
3787,1200,2490,417
3787,1200,2490,418
3787,1190,2490,419
3787,1190,2490,420
3787,1180,2490,421
3787,1180,2490,422
3787,1170,2500,423
3787,1170,2490,424
3787,1160,2490,425
3787,1160,2490,426
3787,1150,2480,427
3787,1150,2470,428
3787,1140,2470,429
3787,1130,2470,430
3787,1130,2470,431
3787,1120,2470,432
3787,1120,2470,433
3787,1110,2450,434
3787,1110,2440,435
3787,1100,2440,436
3787,1100,2440,437
3787,1090,2430,438
3787,1090,2430,439
3787,1080,2430,440
3787,1080,2420,441
3787,1070,2420,442
3787,1060,2410,443
3787,1060,2410,444
3787,1060,2410,445
3787,1050,2400,446
3787,1050,2400,447
3787,1040,2400,448
3787,1040,2400,449
3787,1030,2390,450
3787,1020,2390,451
3787,1020,2390,452
3787,1010,2390,453
3787,1000,2390,454
3787,1000,2380,455
3787,990,2380,456
3787,980,2380,457
3787,980,2390,458
3787,970,2390,459
3787,970,2390,460
3787,960,2400,461
3787,950,2400,462
3787,950,2390,463
3787,940,2390,464
3787,930,2390,465
3787,930,2400,466
3787,920,2400,467
3787,910,2410,468
3787,910,2420,469
3787,900,2420,470
3787,890,2420,471
3787,880,2420,472
3787,880,2420,473
3787,870,2420,474
3787,860,2420,475
3787,860,2430,476
3787,850,2420,477
3787,840,2430,478
3787,830,2430,479
3787,830,2430,480
3787,820,2430,481
3787,810,2430,482
3787,810,2430,483
3787,800,2430,484
3787,790,2430,485
3787,780,2430,486
3787,780,2430,487
3787,770,2430,488
3787,760,2430,489
3787,750,2430,490
3787,750,2420,491
3787,740,2420,492
3787,730,2420,493
3787,720,2420,494
3787,710,2420,495
3787,710,2420,496
3787,700,2430,497
3787,690,2430,498
3787,690,2420,499
3787,680,2420,500
3787,670,2410,501
3787,660,2400,502
3787,660,2400,503
3787,650,2400,504
3787,640,2400,505
3787,630,2400,506
3787,620,2400,507
3787,620,2400,508
3787,610,2400,509
3787,600,2400,510
3787,590,2400,511
3787,580,2400,512
3787,570,2400,513
3787,570,2400,514
3787,560,2400,515
3787,550,2400,516
3787,540,2400,517
3787,530,2410,518
3787,530,2410,519
3787,520,2420,520
3787,510,2420,521
3787,500,2430,522
3787,490,2430,523
3787,20,2830,0
3787,20,2850,1
3787,30,2860,2
3787,30,2870,3
3787,30,2880,4
3787,30,2890,5
3787,40,2900,6
3787,40,2910,7
3787,40,2920,8
3787,40,2920,9
3787,50,2920,10
3787,50,2920,11
3787,50,2920,12
3787,60,2920,13
3787,60,2920,14
3787,60,2920,15
3787,70,2930,16
59,30,3820,4
59,30,3820,5
59,30,3830,6
59,30,3830,7
59,30,3830,8
59,40,3830,9
59,40,3830,10
59,40,3840,11
59,40,3850,12
59,50,3870,13
59,50,3920,14
59,50,3930,15
59,50,3940,16
59,60,3950,17
59,60,3960,18
59,60,3970,19
59,70,3980,20
59,70,3980,21
59,70,3990,22
59,80,3990,23
59,80,4000,24
59,80,4010,25
59,90,4020,26
59,90,4020,27
59,90,4030,28
59,100,4030,29
59,100,4040,30
59,110,4050,31
59,110,4070,32
59,110,4110,33
59,120,4130,34
59,120,4150,35
59,120,4160,36
59,130,4170,37
59,130,4190,38
59,140,4200,39
59,140,4220,40
59,140,4220,41
59,150,4230,42
59,150,4250,43
59,160,4260,44
59,160,4280,45
59,170,4290,46
59,170,4290,47
59,180,4300,48
59,180,4310,49
59,180,4320,50
59,190,4350,51
59,190,4390,52
59,200,4410,53
59,200,4420,54
59,210,4440,55
59,210,4460,56
59,220,4480,57
59,220,4500,58
59,230,4510,59
59,230,4510,60
59,240,4520,61
59,240,4530,62
59,250,4550,63
59,250,4570,64
59,250,4590,65
59,260,4590,66
59,260,4590,67
59,270,4610,68
59,270,4620,69
59,280,4660,70
59,280,4660,71
59,290,4660,72
59,290,4650,73
59,300,4650,74
59,310,4630,75
59,310,4620,76
59,320,4620,77
59,320,4620,78
59,330,4610,79
59,330,4610,80
59,340,4600,81
59,340,4590,82
59,350,4590,83
59,360,4580,84
59,360,4580,85
59,370,4570,86
59,370,4570,87
59,380,4560,88
59,380,4550,89
59,390,4540,90
59,400,4550,91
59,400,4550,92
59,410,4550,93
59,410,4550,94
59,420,4560,95
59,420,4570,96
59,430,4570,97
59,440,4570,98
59,440,4580,99
59,450,4580,100
59,450,4580,101
59,460,4590,102
59,470,4590,103
59,470,4590,104
59,480,4590,105
59,480,4600,106
59,490,4600,107
59,490,4600,108
59,500,4610,109
59,500,4610,110
59,510,4600,111
59,510,4600,112
59,520,4600,113
59,530,4590,114
59,530,4580,115
59,540,4580,116
59,550,4580,117
59,550,4570,118
59,560,4570,119
59,560,4560,120
59,570,4560,121
59,580,4550,122
59,580,4550,123
59,590,4550,124
59,600,4540,125
59,600,4540,126
59,610,4540,127
59,610,4530,128
59,620,4530,129
59,620,4530,130
59,630,4530,131
59,640,4530,132
59,640,4540,133
59,650,4540,134
59,650,4540,135
59,660,4540,136
59,670,4550,137
59,670,4550,138
59,680,4550,139
59,690,4550,140
59,690,4560,141
59,700,4560,142
59,700,4570,143
59,710,4570,144
59,710,4570,145
59,720,4570,146
59,730,4570,147
59,730,4580,148
59,740,4580,149
59,740,4580,150
59,750,4580,151
59,750,4570,152
59,760,4570,153
59,760,4570,154
59,770,4570,155
59,770,4560,156
59,780,4560,157
59,790,4560,158
59,790,4550,159
59,800,4550,160
59,800,4550,161
59,810,4550,162
59,820,4550,163
59,820,4540,164
59,830,4540,165
59,830,4540,166
59,840,4540,167
59,840,4540,168
59,850,4540,169
59,860,4540,170
59,860,4540,171
59,870,4540,172
59,870,4540,173
59,880,4540,174
59,880,4550,175
59,890,4550,176
59,890,4550,177
59,900,4550,178
59,900,4550,179
59,910,4550,180
59,910,4550,181
59,920,4560,182
59,930,4560,183
59,930,4560,184
59,940,4560,185
59,940,4560,186
59,950,4560,187
59,950,4560,188
59,960,4560,189
59,960,4560,190
59,970,4560,191
59,970,4560,192
59,970,4560,193
59,980,4550,194
59,980,4550,195
59,990,4550,196
59,990,4550,197
59,990,4550,198
59,1000,4540,199
59,1000,4540,200
59,1010,4540,201
59,1010,4540,202
59,1020,4530,203
59,1020,4530,204
59,1030,4530,205
59,1030,4530,206
59,1030,4530,207
59,1040,4530,208
59,1040,4530,209
59,1050,4530,210
59,1050,4530,211
59,1060,4530,212
59,1060,4530,213
59,1060,4530,214
59,1070,4540,215
59,1070,4530,216
59,1080,4530,217
59,1080,4540,218
59,1080,4540,219
59,1090,4540,220
59,1090,4540,221
59,1100,4540,222
59,1100,4540,223
59,1100,4540,224
59,1100,4540,225
59,1110,4550,226
59,1110,4540,227
59,1120,4550,228
59,1120,4540,229
59,1120,4540,230
59,1120,4540,231
59,1130,4540,232
59,1130,4540,233
59,1130,4540,234
59,1140,4540,235
59,1140,4540,236
59,1140,4530,237
59,1150,4530,238
59,1150,4530,239
59,1150,4530,240
59,1150,4530,241
59,1150,4530,242
59,1160,4530,243
59,1160,4530,244
59,1160,4520,245
59,1170,4520,246
59,1170,4520,247
59,1170,4520,248
59,1170,4530,249
59,1170,4530,250
59,1170,4530,251
59,1180,4530,252
59,1180,4530,253
59,1180,4530,254
59,1180,4530,255
59,1180,4530,256
59,1190,4530,257
59,1190,4530,258
59,1190,4540,259
59,1190,4530,260
59,1190,4530,261
59,1190,4540,262
59,1190,4540,263
59,1200,4540,264
59,1200,4540,265
59,1200,4540,266
59,1200,4530,267
59,1200,4540,268
59,1200,4540,269
59,1200,4530,270
59,1200,4540,271
59,1200,4540,272
59,1200,4540,273
59,1210,4540,274
59,1210,4530,275
59,1210,4530,276
59,1210,4530,277
59,1210,4530,278
59,1210,4530,279
59,1210,4530,280
59,1210,4530,281
59,1210,4530,282
59,1210,4520,283
59,1210,4530,284
59,1210,4530,285
59,1210,4530,286
59,1210,4530,287
59,1210,4530,288
59,1210,4530,289
59,1210,4520,290
59,1210,4520,291
59,1210,4510,292
59,1210,4490,293
59,1210,4480,294
59,1210,4480,295
59,1210,4480,296
59,1210,4480,297
59,1210,4470,298
59,1210,4470,299
59,1210,4460,300
59,1210,4450,301
59,1210,4450,302
59,1210,4450,303
59,1210,4440,304
59,1210,4440,305
59,1210,4430,306
59,1210,4420,307
59,1200,4420,308
59,1200,4410,309
59,1200,4410,310
59,1200,4410,311
59,1200,4390,312
59,1200,4390,313
59,1200,4380,314
59,1200,4370,315
59,1200,4360,316
59,1200,4350,317
59,1190,4340,318
59,1190,4340,319
59,1190,4330,320
59,1190,4330,321
59,1190,4310,322
59,1190,4300,323
59,1190,4300,324
59,1180,4290,325
59,1180,4290,326
59,1180,4280,327
59,1180,4280,328
59,1180,4270,329
59,1180,4260,330
59,1170,4240,331
59,1170,4230,332
59,1170,4230,333
59,1170,4220,334
59,1170,4210,335
59,1170,4200,336
59,1160,4190,337
59,1160,4180,338
59,1160,4170,339
59,1160,4160,340
59,1150,4160,341
59,1150,4140,342
59,1150,4130,343
59,1150,4120,344
59,1150,4110,345
59,1140,4110,346
59,1140,4090,347
59,1140,4090,348
59,1140,4070,349
59,1130,4060,350
59,1130,4050,351
59,1130,4040,352
59,1130,4030,353
59,1120,4020,354
59,1120,4020,355
59,1120,4000,356
59,1120,3990,357
59,1110,3980,358
59,1110,3960,359
59,1110,3950,360
59,1110,3940,361
59,1100,3920,362
59,1100,3900,363
59,1100,3890,364
59,1090,3880,365
59,1090,3880,366
59,1090,3880,367
59,1090,3860,368
59,1080,3840,369
59,1080,3820,370
59,1080,3800,371
59,1070,3790,372
59,1070,3780,373
59,1070,3770,374
59,1060,3760,375
59,1060,3750,376
59,1060,3740,377
59,1050,3720,378
59,1050,3710,379
59,1050,3690,380
59,1040,3670,381
59,1040,3650,382
59,1040,3640,383
59,1030,3630,384
59,1030,3620,385
59,1020,3610,386
59,1020,3590,387
59,1020,3570,388
59,1010,3560,389
59,1010,3550,390
59,1010,3560,391
59,1000,3550,392
59,1000,3560,393
59,990,3560,394
59,990,3570,395
59,990,3580,396
59,980,3590,397
59,980,3600,398
59,980,3600,399
59,970,3610,400
59,970,3630,401
59,970,3640,402
59,960,3640,403
59,960,3650,404
59,950,3660,405
59,950,3660,406
59,950,3670,407
59,940,3690,408
59,940,3700,409
59,930,3700,410
59,930,3700,411
59,920,3700,412
59,920,3690,413
59,910,3690,414
59,910,3680,415
59,910,3670,416
59,900,3670,417
59,900,3660,418
59,890,3650,419
59,890,3630,420
59,880,3620,421
59,880,3620,422
59,870,3620,423
59,870,3620,424
59,860,3610,425
59,860,3590,426
59,850,3570,427
59,850,3560,428
59,840,3560,429
59,840,3560,430
59,830,3560,431
59,830,3570,432
59,820,3570,433
59,820,3570,434
59,810,3580,435
59,800,3600,436
59,800,3600,437
59,790,3610,438
59,790,3630,439
59,780,3630,440
59,780,3630,441
59,770,3630,442
59,770,3640,443
59,760,3650,444
59,750,3670,445
59,750,3690,446
59,740,3700,447
59,740,3700,448
59,740,3690,449
59,730,3690,450
59,720,3690,451
59,720,3700,452
59,710,3690,453
59,710,3680,454
59,700,3670,455
59,690,3660,456
59,690,3650,457
59,680,3640,458
59,680,3650,459
59,670,3640,460
59,670,3630,461
59,660,3620,462
59,650,3610,463
59,650,3600,464
59,640,3580,465
59,640,3580,466
59,630,3580,467
59,620,3580,468
59,620,3580,469
59,610,3580,470
59,610,3570,471
59,600,3570,472
59,590,3580,473
59,590,3590,474
59,580,3600,475
59,570,3600,476
59,570,3600,477
59,560,3600,478
59,550,3600,479
59,550,3610,480
59,540,3620,481
59,530,3630,482
59,530,3640,483
59,520,3660,484
59,510,3680,485
59,510,3690,486
59,500,3700,487
59,490,3700,488
59,490,3700,489
59,480,3710,490
59,480,3700,491
59,470,3690,492
59,460,3680,493
59,460,3680,494
59,450,3680,495
59,450,3680,496
59,440,3680,497
59,430,3680,498
59,430,3680,499
59,420,3680,500
59,410,3680,501
59,410,3670,502
59,400,3640,503
59,390,3600,504
59,390,3590,505
59,380,3590,506
59,370,3580,507
59,370,3580,508
59,360,3580,509
59,350,3580,510
59,350,3590,511
59,340,3600,512
59,330,3600,513
59,330,3610,514
59,320,3610,515
59,320,3610,516
59,310,3610,517
59,300,3610,518
59,300,3610,519
59,290,3610,520
59,280,3620,521
59,280,3660,522
59,270,3680,523
59,270,3700,524
59,260,3710,525
59,250,3720,526
59,250,3720,527
59,250,3720,528
59,240,3720,529
59,240,3710,530
59,230,3710,531
59,220,3710,532
59,220,3700,533
59,210,3700,534
59,210,3690,535
59,200,3700,536
59,200,3700,537
59,190,3710,538
59,180,3710,539
59,180,3700,540
59,170,3680,541
59,170,3660,542
59,160,3650,543
59,160,3640,544
59,150,3630,545
59,150,3620,546
59,140,3620,547
59,140,3620,548
59,130,3630,549
59,130,3630,550
59,130,3640,551
59,120,3640,552
59,120,3650,553
59,110,3660,554
59,110,3660,555
59,100,3660,556
59,100,3650,557
59,100,3650,558
59,90,3650,559
59,90,3660,560
59,80,3680,561
59,80,3700,562
59,80,3730,563
59,70,3740,564
59,70,3740,565
59,60,3740,566
59,60,3740,567
59,60,3740,568
59,60,3740,569
59,50,3740,570
59,50,3730,571
59,50,3730,572
59,40,3720,573
59,40,3720,574
59,40,3720,575
59,30,3720,576
59,30,3720,577
59,30,3730,578
59,30,3720,579
59,30,3700,580
59,20,3690,581
59,20,3670,582
59,20,3650,583
59,20,3650,584
59,20,3650,585
59,10,3650,586
59,10,3650,587
59,10,3650,588
59,10,3650,589
59,10,3660,590
59,10,3660,591
59,10,3670,592
59,0,3670,593
59,0,3670,594
59,0,3670,595
59,0,3670,596
59,0,3670,597
59,0,3670,598
59,0,3690,599
59,0,3700,600
59,0,3710,601
59,0,3730,602
59,0,3740,603
59,0,3740,604
59,0,3740,605
59,0,3740,606
59,0,3750,607
59,0,3760,608
59,0,3750,609
59,0,3750,610
59,0,3740,611
59,0,3740,612
59,0,3740,613
59,0,3750,614
59,0,3750,615
59,0,3750,616
59,0,3740,617
59,0,3740,618
59,0,3740,619
59,0,3730,620
59,0,3720,621
59,10,3710,622
59,10,3710,623
59,10,3720,624
59,10,3730,625
59,10,3780,626
59,10,3790,627
59,10,3800,628
59,20,3800,629
59,20,3810,630
59,20,3800,0
59,20,3810,1
59,20,3810,2
59,20,3810,3
3462,20,4470,535
3462,20,4470,535
3462,20,4470,0
3462,20,4470,0
3462,30,4490,1
3462,30,4490,1
3462,30,4470,2
3462,30,4470,2
3462,30,4480,3
3462,30,4480,3
3462,40,4500,4
3462,40,4500,4
3462,40,4480,5
3462,40,4480,5
3462,50,4500,6
3462,50,4500,6
3462,50,4520,7
3462,50,4520,7
3462,50,4510,8
3462,50,4510,8
3462,60,4520,9
3462,60,4520,9
3462,60,4540,10
3462,60,4540,10
3462,70,4540,11
3462,70,4540,11
3462,70,4540,12
3462,70,4540,12
3462,80,4570,13
3462,80,4570,13
3462,80,4580,14
3462,80,4580,14
3462,90,4590,15
3462,90,4590,15
3462,90,4630,16
3462,90,4630,16
3462,100,4640,17
3462,100,4640,17
3462,110,4650,18
3462,110,4650,18
3462,110,4670,19
3462,110,4670,19
3462,120,4680,20
3462,120,4680,20
3462,130,4690,21
3462,130,4690,21
3462,130,4710,22
3462,130,4710,22
3462,140,4720,23
3462,140,4720,23
3462,150,4720,24
3462,150,4720,24
3462,150,4730,25
3462,150,4730,25
3462,160,4740,26
3462,160,4740,26
3462,170,4740,27
3462,170,4740,27
3462,180,4750,28
3462,180,4750,28
3462,180,4750,29
3462,180,4750,29
3462,190,4760,30
3462,190,4760,30
3462,200,4770,31
3462,200,4770,31
3462,210,4770,32
3462,210,4770,32
3462,220,4760,33
3462,220,4760,33
3462,230,4770,34
3462,230,4770,34
3462,230,4770,35
3462,230,4770,35
3462,240,4770,36
3462,240,4770,36
3462,250,4770,37
3462,250,4770,37
3462,260,4780,38
3462,260,4780,38
3462,270,4790,39
3462,270,4790,39
3462,280,4800,40
3462,280,4800,40
3462,280,4810,41
3462,280,4810,41
3462,290,4820,42
3462,290,4820,42
3462,300,4820,43
3462,300,4820,43
3462,310,4830,44
3462,310,4830,44
3462,320,4840,45
3462,320,4840,45
3462,330,4850,46
3462,330,4850,46
3462,340,4870,47
3462,340,4870,47
3462,350,4880,48
3462,350,4880,48
3462,360,4890,49
3462,360,4890,49
3462,370,4900,50
3462,370,4900,50
3462,380,4910,51
3462,380,4910,51
3462,390,4920,52
3462,390,4920,52
3462,410,4930,53
3462,410,4930,53
3462,420,4950,54
3462,420,4950,54
3462,430,4960,55
3462,430,4960,55
3462,440,4970,56
3462,440,4970,56
3462,450,4980,57
3462,450,4980,57
3462,460,5000,58
3462,460,5000,58
3462,470,5010,59
3462,470,5010,59
3462,480,5030,60
3462,480,5030,60
3462,490,5050,61
3462,490,5050,61
3462,500,5060,62
3462,500,5060,62
3462,510,5070,63
3462,510,5070,63
3462,520,5080,64
3462,520,5080,64
3462,530,5100,65
3462,530,5100,65
3462,550,5100,66
3462,550,5100,66
3462,560,5120,67
3462,560,5120,67
3462,570,5120,68
3462,570,5120,68
3462,580,5130,69
3462,580,5130,69
3462,590,5140,70
3462,590,5140,70
3462,610,5150,71
3462,610,5150,71
3462,620,5160,72
3462,620,5160,72
3462,630,5170,73
3462,630,5170,73
3462,640,5180,74
3462,640,5180,74
3462,660,5190,75
3462,660,5190,75
3462,670,5190,76
3462,670,5190,76
3462,680,5190,77
3462,680,5190,77
3462,690,5200,78
3462,690,5200,78
3462,700,5210,79
3462,700,5210,79
3462,720,5210,80
3462,720,5210,80
3462,730,5220,81
3462,730,5220,81
3462,740,5230,82
3462,740,5230,82
3462,750,5230,83
3462,750,5230,83
3462,760,5240,84
3462,760,5240,84
3462,780,5240,85
3462,780,5240,85
3462,790,5240,86
3462,790,5240,86
3462,800,5250,87
3462,800,5250,87
3462,820,5260,88
3462,820,5260,88
3462,830,5260,89
3462,830,5260,89
3462,840,5270,90
3462,840,5270,90
3462,850,5280,91
3462,850,5280,91
3462,870,5300,92
3462,870,5300,92
3462,880,5310,93
3462,880,5310,93
3462,890,5310,94
3462,890,5310,94
3462,910,5330,95
3462,910,5330,95
3462,920,5340,96
3462,920,5340,96
3462,930,5350,97
3462,930,5350,97
3462,940,5360,98
3462,940,5360,98
3462,960,5380,99
3462,960,5380,99
3462,970,5390,100
3462,970,5390,100
3462,980,5400,101
3462,980,5400,101
3462,990,5420,102
3462,990,5420,102
3462,1000,5430,103
3462,1000,5430,103
3462,1020,5440,104
3462,1020,5440,104
3462,1030,5460,105
3462,1030,5460,105
3462,1040,5480,106
3462,1040,5480,106
3462,1060,5480,107
3462,1060,5480,107
3462,1070,5490,108
3462,1070,5490,108
3462,1080,5510,109
3462,1080,5510,109
3462,1090,5520,110
3462,1090,5520,110
3462,1110,5520,111
3462,1110,5520,111
3462,1120,5530,112
3462,1120,5530,112
3462,1130,5540,113
3462,1130,5540,113
3462,1140,5540,114
3462,1140,5540,114
3462,1160,5550,115
3462,1160,5550,115
3462,1170,5560,116
3462,1170,5560,116
3462,1180,5570,117
3462,1180,5570,117
3462,1190,5570,118
3462,1190,5570,118
3462,1210,5580,119
3462,1210,5580,119
3462,1220,5590,120
3462,1220,5590,120
3462,1230,5590,121
3462,1230,5590,121
3462,1240,5590,122
3462,1240,5590,122
3462,1250,5600,123
3462,1250,5600,123
3462,1260,5610,124
3462,1260,5610,124
3462,1280,5610,125
3462,1280,5610,125
3462,1290,5610,126
3462,1290,5610,126
3462,1300,5620,127
3462,1300,5620,127
3462,1310,5620,128
3462,1310,5620,128
3462,1320,5620,129
3462,1320,5620,129
3462,1340,5630,130
3462,1340,5630,130
3462,1350,5630,131
3462,1350,5630,131
3462,1360,5640,132
3462,1360,5640,132
3462,1370,5650,133
3462,1370,5650,133
3462,1390,5650,134
3462,1390,5650,134
3462,1400,5660,135
3462,1400,5660,135
3462,1410,5670,136
3462,1410,5670,136
3462,1420,5680,137
3462,1420,5680,137
3462,1430,5680,138
3462,1430,5680,138
3462,1440,5690,139
3462,1440,5690,139
3462,1460,5700,140
3462,1460,5700,140
3462,1470,5700,141
3462,1470,5700,141
3462,1480,5690,142
3462,1480,5690,142
3462,1490,5690,143
3462,1490,5690,143
3462,1500,5690,144
3462,1500,5690,144
3462,1510,5680,145
3462,1510,5680,145
3462,1520,5680,146
3462,1520,5680,146
3462,1530,5680,147
3462,1530,5680,147
3462,1550,5670,148
3462,1550,5670,148
3462,1560,5670,149
3462,1560,5670,149
3462,1570,5660,150
3462,1570,5660,150
3462,1580,5660,151
3462,1580,5660,151
3462,1590,5660,152
3462,1590,5660,152
3462,1600,5660,153
3462,1600,5660,153
3462,1610,5650,154
3462,1610,5650,154
3462,1630,5650,155
3462,1630,5650,155
3462,1640,5650,156
3462,1640,5650,156
3462,1650,5650,157
3462,1650,5650,157
3462,1660,5650,158
3462,1660,5650,158
3462,1670,5650,159
3462,1670,5650,159
3462,1680,5650,160
3462,1680,5650,160
3462,1690,5640,161
3462,1690,5640,161
3462,1710,5640,162
3462,1710,5640,162
3462,1720,5640,163
3462,1720,5640,163
3462,1720,5640,164
3462,1720,5640,164
3462,1730,5640,165
3462,1730,5640,165
3462,1750,5630,166
3462,1750,5630,166
3462,1760,5630,167
3462,1760,5630,167
3462,1770,5630,168
3462,1770,5630,168
3462,1780,5630,169
3462,1780,5630,169
3462,1790,5630,170
3462,1790,5630,170
3462,1800,5630,171
3462,1800,5630,171
3462,1810,5630,172
3462,1810,5630,172
3462,1820,5630,173
3462,1820,5630,173
3462,1830,5620,174
3462,1830,5620,174
3462,1840,5620,175
3462,1840,5620,175
3462,1850,5620,176
3462,1850,5620,176
3462,1860,5620,177
3462,1860,5620,177
3462,1870,5610,178
3462,1870,5610,178
3462,1880,5610,179
3462,1880,5610,179
3462,1890,5610,180
3462,1890,5610,180
3462,1900,5610,181
3462,1900,5610,181
3462,1910,5610,182
3462,1910,5610,182
3462,1920,5600,183
3462,1920,5600,183
3462,1930,5600,184
3462,1930,5600,184
3462,1940,5600,185
3462,1940,5600,185
3462,1940,5600,186
3462,1940,5600,186
3462,1950,5600,187
3462,1950,5600,187
3462,1960,5610,188
3462,1960,5610,188
3462,1970,5610,189
3462,1970,5610,189
3462,1970,5610,190
3462,1970,5610,190
3462,1980,5610,191
3462,1980,5610,191
3462,1990,5610,192
3462,1990,5610,192
3462,2000,5610,193
3462,2000,5610,193
3462,2010,5610,194
3462,2010,5610,194
3462,2020,5610,195
3462,2020,5610,195
3462,2020,5610,196
3462,2020,5610,196
3462,2030,5610,197
3462,2030,5610,197
3462,2040,5610,198
3462,2040,5610,198
3462,2050,5610,199
3462,2050,5610,199
3462,2050,5610,200
3462,2050,5610,200
3462,2060,5610,201
3462,2060,5610,201
3462,2070,5610,202
3462,2070,5610,202
3462,2070,5590,203
3462,2070,5590,203
3462,2080,5570,204
3462,2080,5570,204
3462,2090,5560,205
3462,2090,5560,205
3462,2090,5550,206
3462,2090,5550,206
3462,2100,5540,207
3462,2100,5540,207
3462,2110,5530,208
3462,2110,5530,208
3462,2110,5520,209
3462,2110,5520,209
3462,2120,5510,210
3462,2120,5510,210
3462,2120,5510,211
3462,2120,5510,211
3462,2130,5490,212
3462,2130,5490,212
3462,2130,5480,213
3462,2130,5480,213
3462,2140,5470,214
3462,2140,5470,214
3462,2150,5470,215
3462,2150,5470,215
3462,2150,5450,216
3462,2150,5450,216
3462,2150,5430,217
3462,2150,5430,217
3462,2160,5410,218
3462,2160,5410,218
3462,2160,5380,219
3462,2160,5380,219
3462,2170,5350,220
3462,2170,5350,220
3462,2170,5330,221
3462,2170,5330,221
3462,2170,5310,222
3462,2170,5310,222
3462,2180,5280,223
3462,2180,5280,223
3462,2180,5270,224
3462,2180,5270,224
3462,2180,5260,225
3462,2180,5260,225
3462,2190,5240,226
3462,2190,5240,226
3462,2190,5240,227
3462,2190,5240,227
3462,2190,5220,228
3462,2190,5220,228
3462,2190,5210,229
3462,2190,5210,229
3462,2190,5200,230
3462,2190,5200,230
3462,2200,5190,231
3462,2200,5190,231
3462,2200,5190,232
3462,2200,5190,232
3462,2200,5170,233
3462,2200,5170,233
3462,2200,5160,234
3462,2200,5160,234
3462,2200,5150,235
3462,2200,5150,235
3462,2200,5140,236
3462,2200,5140,236
3462,2200,5130,237
3462,2200,5130,237
3462,2200,5120,238
3462,2200,5120,238
3462,2200,5100,239
3462,2200,5100,239
3462,2200,5090,240
3462,2200,5090,240
3462,2200,5070,241
3462,2200,5070,241
3462,2200,5070,242
3462,2200,5070,242
3462,2200,5060,243
3462,2200,5060,243
3462,2200,5050,244
3462,2200,5050,244
3462,2200,5040,245
3462,2200,5040,245
3462,2200,5030,246
3462,2200,5030,246
3462,2200,5000,247
3462,2200,5000,247
3462,2200,4980,248
3462,2200,4980,248
3462,2200,4960,249
3462,2200,4960,249
3462,2200,4950,250
3462,2200,4950,250
3462,2200,4950,251
3462,2200,4950,251
3462,2200,4940,252
3462,2200,4940,252
3462,2200,4920,253
3462,2200,4920,253
3462,2200,4900,254
3462,2200,4900,254
3462,2200,4880,255
3462,2200,4880,255
3462,2200,4870,256
3462,2200,4870,256
3462,2200,4850,257
3462,2200,4850,257
3462,2200,4840,258
3462,2200,4840,258
3462,2200,4830,259
3462,2200,4830,259
3462,2200,4820,260
3462,2200,4820,260
3462,2200,4800,261
3462,2200,4800,261
3462,2190,4780,262
3462,2190,4780,262
3462,2190,4750,263
3462,2190,4750,263
3462,2190,4730,264
3462,2190,4730,264
3462,2190,4710,265
3462,2190,4710,265
3462,2180,4700,266
3462,2180,4700,266
3462,2180,4690,267
3462,2180,4690,267
3462,2180,4680,268
3462,2180,4680,268
3462,2180,4660,269
3462,2180,4660,269
3462,2170,4650,270
3462,2170,4650,270
3462,2170,4630,271
3462,2170,4630,271
3462,2170,4620,272
3462,2170,4620,272
3462,2170,4610,273
3462,2170,4610,273
3462,2160,4590,274
3462,2160,4590,274
3462,2160,4590,275
3462,2160,4590,275
3462,2160,4590,276
3462,2160,4590,276
3462,2150,4580,277
3462,2150,4580,277
3462,2150,4570,278
3462,2150,4570,278
3462,2150,4560,279
3462,2150,4560,279
3462,2150,4550,280
3462,2150,4550,280
3462,2140,4550,281
3462,2140,4550,281
3462,2140,4540,282
3462,2140,4540,282
3462,2140,4540,283
3462,2140,4540,283
3462,2130,4540,284
3462,2130,4540,284
3462,2130,4540,285
3462,2130,4540,285
3462,2120,4540,286
3462,2120,4540,286
3462,2120,4530,287
3462,2120,4530,287
3462,2120,4520,288
3462,2120,4520,288
3462,2110,4500,289
3462,2110,4500,289
3462,2110,4480,290
3462,2110,4480,290
3462,2100,4460,291
3462,2100,4460,291
3462,2100,4440,292
3462,2100,4440,292
3462,2090,4420,293
3462,2090,4420,293
3462,2090,4410,294
3462,2090,4410,294
3462,2080,4400,295
3462,2080,4400,295
3462,2080,4390,296
3462,2080,4390,296
3462,2070,4380,297
3462,2070,4380,297
3462,2070,4380,298
3462,2070,4380,298
3462,2060,4370,299
3462,2060,4370,299
3462,2060,4360,300
3462,2060,4360,300
3462,2050,4350,301
3462,2050,4350,301
3462,2040,4340,302
3462,2040,4340,302
3462,2040,4320,303
3462,2040,4320,303
3462,2030,4300,304
3462,2030,4300,304
3462,2030,4290,305
3462,2030,4290,305
3462,2020,4280,306
3462,2020,4280,306
3462,2010,4270,307
3462,2010,4270,307
3462,2010,4270,308
3462,2010,4270,308
3462,2000,4270,309
3462,2000,4270,309
3462,2000,4270,310
3462,2000,4270,310
3462,1990,4260,311
3462,1990,4260,311
3462,1980,4260,312
3462,1980,4260,312
3462,1980,4260,313
3462,1980,4260,313
3462,1970,4260,314
3462,1970,4260,314
3462,1960,4260,315
3462,1960,4260,315
3462,1960,4260,316
3462,1960,4260,316
3462,1950,4260,317
3462,1950,4260,317
3462,1950,4260,318
3462,1950,4260,318
3462,1940,4270,319
3462,1940,4270,319
3462,1930,4270,320
3462,1930,4270,320
3462,1930,4270,321
3462,1930,4270,321
3462,1920,4280,322
3462,1920,4280,322
3462,1910,4280,323
3462,1910,4280,323
3462,1900,4280,324
3462,1900,4280,324
3462,1900,4280,325
3462,1900,4280,325
3462,1890,4280,326
3462,1890,4280,326
3462,1880,4280,327
3462,1880,4280,327
3462,1870,4270,328
3462,1870,4270,328
3462,1870,4270,329
3462,1870,4270,329
3462,1860,4280,330
3462,1860,4280,330
3462,1850,4280,331
3462,1850,4280,331
3462,1840,4280,332
3462,1840,4280,332
3462,1830,4290,333
3462,1830,4290,333
3462,1820,4290,334
3462,1820,4290,334
3462,1820,4290,335
3462,1820,4290,335
3462,1810,4300,336
3462,1810,4300,336
3462,1800,4300,337
3462,1800,4300,337
3462,1790,4300,338
3462,1790,4300,338
3462,1780,4310,339
3462,1780,4310,339
3462,1770,4310,340
3462,1770,4310,340
3462,1770,4310,341
3462,1770,4310,341
3462,1760,4300,342
3462,1760,4300,342
3462,1750,4300,343
3462,1750,4300,343
3462,1740,4300,344
3462,1740,4300,344
3462,1730,4300,345
3462,1730,4300,345
3462,1720,4310,346
3462,1720,4310,346
3462,1720,4310,347
3462,1720,4310,347
3462,1710,4310,348
3462,1710,4310,348
3462,1700,4310,349
3462,1700,4310,349
3462,1690,4310,350
3462,1690,4310,350
3462,1680,4310,351
3462,1680,4310,351
3462,1670,4310,352
3462,1670,4310,352
3462,1660,4310,353
3462,1660,4310,353
3462,1650,4310,354
3462,1650,4310,354
3462,1640,4310,355
3462,1640,4310,355
3462,1640,4310,356
3462,1640,4310,356
3462,1620,4310,357
3462,1620,4310,357
3462,1620,4310,358
3462,1620,4310,358
3462,1610,4300,359
3462,1610,4300,359
3462,1600,4300,360
3462,1600,4300,360
3462,1590,4300,361
3462,1590,4300,361
3462,1580,4290,362
3462,1580,4290,362
3462,1570,4290,363
3462,1570,4290,363
3462,1560,4290,364
3462,1560,4290,364
3462,1550,4290,365
3462,1550,4290,365
3462,1540,4290,366
3462,1540,4290,366
3462,1530,4290,367
3462,1530,4290,367
3462,1520,4290,368
3462,1520,4290,368
3462,1510,4280,369
3462,1510,4280,369
3462,1500,4280,370
3462,1500,4280,370
3462,1490,4280,371
3462,1490,4280,371
3462,1480,4280,372
3462,1480,4280,372
3462,1470,4280,373
3462,1470,4280,373
3462,1460,4280,374
3462,1460,4280,374
3462,1450,4270,375
3462,1450,4270,375
3462,1440,4270,376
3462,1440,4270,376
3462,1430,4270,377
3462,1430,4270,377
3462,1420,4270,378
3462,1420,4270,378
3462,1410,4260,379
3462,1410,4260,379
3462,1400,4260,380
3462,1400,4260,380
3462,1390,4260,381
3462,1390,4260,381
3462,1380,4250,382
3462,1380,4250,382
3462,1370,4240,383
3462,1370,4240,383
3462,1360,4240,384
3462,1360,4240,384
3462,1350,4240,385
3462,1350,4240,385
3462,1340,4240,386
3462,1340,4240,386
3462,1320,4240,387
3462,1320,4240,387
3462,1310,4240,388
3462,1310,4240,388
3462,1300,4240,389
3462,1300,4240,389
3462,1290,4230,390
3462,1290,4230,390
3462,1280,4230,391
3462,1280,4230,391
3462,1270,4220,392
3462,1270,4220,392
3462,1260,4220,393
3462,1260,4220,393
3462,1240,4220,394
3462,1240,4220,394
3462,1230,4220,395
3462,1230,4220,395
3462,1230,4220,396
3462,1230,4220,396
3462,1220,4220,397
3462,1220,4220,397
3462,1200,4220,398
3462,1200,4220,398
3462,1190,4220,399
3462,1190,4220,399
3462,1180,4220,400
3462,1180,4220,400
3462,1170,4220,401
3462,1170,4220,401
3462,1160,4220,402
3462,1160,4220,402
3462,1140,4220,403
3462,1140,4220,403
3462,1130,4220,404
3462,1130,4220,404
3462,1120,4220,405
3462,1120,4220,405
3462,1110,4230,406
3462,1110,4230,406
3462,1090,4230,407
3462,1090,4230,407
3462,1080,4230,408
3462,1080,4230,408
3462,1070,4230,409
3462,1070,4230,409
3462,1050,4230,410
3462,1050,4230,410
3462,1040,4240,411
3462,1040,4240,411
3462,1030,4230,412
3462,1030,4230,412
3462,1020,4230,413
3462,1020,4230,413
3462,1000,4230,414
3462,1000,4230,414
3462,990,4230,415
3462,990,4230,415
3462,980,4240,416
3462,980,4240,416
3462,970,4230,417
3462,970,4230,417
3462,950,4240,418
3462,950,4240,418
3462,940,4240,419
3462,940,4240,419
3462,930,4240,420
3462,930,4240,420
3462,910,4240,421
3462,910,4240,421
3462,900,4240,422
3462,900,4240,422
3462,890,4240,423
3462,890,4240,423
3462,870,4240,424
3462,870,4240,424
3462,860,4240,425
3462,860,4240,425
3462,840,4240,426
3462,840,4240,426
3462,830,4240,427
3462,830,4240,427
3462,820,4240,428
3462,820,4240,428
3462,800,4240,429
3462,800,4240,429
3462,790,4240,430
3462,790,4240,430
3462,770,4240,431
3462,770,4240,431
3462,760,4240,432
3462,760,4240,432
3462,750,4240,433
3462,750,4240,433
3462,740,4240,434
3462,740,4240,434
3462,720,4250,435
3462,720,4250,435
3462,710,4250,436
3462,710,4250,436
3462,700,4250,437
3462,700,4250,437
3462,680,4240,438
3462,680,4240,438
3462,670,4250,439
3462,670,4250,439
3462,650,4240,440
3462,650,4240,440
3462,640,4240,441
3462,640,4240,441
3462,630,4240,442
3462,630,4240,442
3462,610,4240,443
3462,610,4240,443
3462,600,4240,444
3462,600,4240,444
3462,580,4240,445
3462,580,4240,445
3462,570,4240,446
3462,570,4240,446
3462,560,4240,447
3462,560,4240,447
3462,540,4240,448
3462,540,4240,448
3462,530,4240,449
3462,530,4240,449
3462,520,4240,450
3462,520,4240,450
3462,500,4240,451
3462,500,4240,451
3462,490,4240,452
3462,490,4240,452
3462,480,4240,453
3462,480,4240,453
3462,470,4240,454
3462,470,4240,454
3462,460,4240,455
3462,460,4240,455
3462,440,4240,456
3462,440,4240,456
3462,430,4240,457
3462,430,4240,457
3462,420,4240,458
3462,420,4240,458
3462,410,4250,459
3462,410,4250,459
3462,390,4250,460
3462,390,4250,460
3462,380,4250,461
3462,380,4250,461
3462,370,4250,462
3462,370,4250,462
3462,360,4250,463
3462,360,4250,463
3462,340,4260,464
3462,340,4260,464
3462,330,4260,465
3462,330,4260,465
3462,320,4260,466
3462,320,4260,466
3462,310,4260,467
3462,310,4260,467
3462,300,4270,468
3462,300,4270,468
3462,290,4270,469
3462,290,4270,469
3462,270,4270,470
3462,270,4270,470
3462,260,4270,471
3462,260,4270,471
3462,250,4270,472
3462,250,4270,472
3462,250,4270,473
3462,250,4270,473
3462,240,4280,474
3462,240,4280,474
3462,230,4280,475
3462,230,4280,475
3462,220,4290,476
3462,220,4290,476
3462,210,4290,477
3462,210,4290,477
3462,200,4290,478
3462,200,4290,478
3462,190,4290,479
3462,190,4290,479
3462,180,4300,480
3462,180,4300,480
3462,170,4310,481
3462,170,4310,481
3462,160,4310,482
3462,160,4310,482
3462,150,4320,483
3462,150,4320,483
3462,140,4330,484
3462,140,4330,484
3462,130,4330,485
3462,130,4330,485
3462,130,4340,486
3462,130,4340,486
3462,120,4340,487
3462,120,4340,487
3462,110,4350,488
3462,110,4350,488
3462,100,4360,489
3462,100,4360,489
3462,100,4370,490
3462,100,4370,490
3462,90,4380,491
3462,90,4380,491
3462,80,4380,492
3462,80,4380,492
3462,80,4390,493
3462,80,4390,493
3462,70,4400,494
3462,70,4400,494
3462,60,4410,495
3462,60,4410,495
3462,60,4420,496
3462,60,4420,496
3462,50,4430,497
3462,50,4430,497
3462,50,4430,498
3462,50,4430,498
3462,40,4440,499
3462,40,4440,499
3462,40,4450,500
3462,40,4450,500
3462,30,4460,501
3462,30,4460,501
3462,30,4470,502
3462,30,4470,502
3462,30,4470,503
3462,30,4470,503
3462,20,4470,504
3462,20,4470,504
3462,20,4480,505
3462,20,4480,505
3462,20,4490,506
3462,20,4490,506
3462,10,4490,507
3462,10,4490,507
3462,10,4500,508
3462,10,4500,508
3462,10,4500,509
3462,10,4500,509
3462,10,4500,510
3462,10,4500,510
3462,0,4500,511
3462,0,4500,511
3462,0,4500,512
3462,0,4500,512
3462,0,4500,513
3462,0,4500,513
3462,0,4500,514
3462,0,4500,514
3462,0,4500,515
3462,0,4500,515
3462,0,4510,516
3462,0,4510,516
3462,0,4510,517
3462,0,4510,517
3462,0,4510,518
3462,0,4510,518
3462,0,4510,519
3462,0,4510,519
3462,0,4500,520
3462,0,4500,520
3462,0,4510,521
3462,0,4510,521
3462,0,4520,522
3462,0,4520,522
3462,0,4480,523
3462,0,4480,523
3462,0,4430,524
3462,0,4430,524
3462,0,4430,525
3462,0,4430,525
3462,0,4450,526
3462,0,4450,526
3462,0,4440,527
3462,0,4440,527
3462,0,4430,528
3462,0,4430,528
3462,0,4450,529
3462,0,4450,529
3462,10,4450,530
3462,10,4450,530
3462,10,4440,531
3462,10,4440,531
3462,10,4470,532
3462,10,4470,532
3462,10,4470,533
3462,10,4470,533
3462,20,4450,534
3462,20,4450,534
11470,20,2100,0
11470,20,2120,1
11470,30,2130,2
11470,30,2140,3
11470,30,2160,4
11470,30,2170,5
11470,40,2190,6
11470,40,2200,7
11470,40,2210,8
11470,40,2220,9
11470,50,2230,10
11470,50,2250,11
11470,50,2260,12
11470,60,2280,13
11470,60,2300,14
11470,60,2330,15
11470,60,2350,16
11470,70,2370,17
11470,70,2380,18
11470,70,2400,19
11470,80,2410,20
11470,80,2420,21
11470,90,2430,22
11470,90,2440,23
11470,90,2470,24
11470,100,2490,25
11470,100,2520,26
11470,100,2530,27
11470,110,2560,28
11470,110,2580,29
11470,120,2590,30
11470,120,2600,31
11470,130,2630,32
11470,130,2650,33
11470,140,2680,34
11470,140,2700,35
11470,150,2710,36
11470,150,2720,37
11470,150,2740,38
11470,160,2760,39
11470,160,2780,40
11470,170,2780,41
11470,170,2800,42
11470,180,2840,43
11470,180,2860,44
11470,190,2860,45
11470,200,2860,46
11470,200,2880,47
11470,210,2910,48
11470,210,2940,49
11470,220,2950,50
11470,220,2950,51
11470,230,2990,52
11470,240,3020,53
11470,240,3040,54
11470,250,3050,55
11470,250,3060,56
11470,250,3070,57
11470,260,3100,58
11470,270,3140,59
11470,270,3140,60
11470,280,3170,61
11470,280,3170,62
11470,290,3180,63
11470,300,3230,64
11470,300,3270,65
11470,310,3270,66
11470,320,3260,67
11470,320,3300,68
11470,330,3320,69
11470,340,3320,70
11470,340,3320,71
11470,350,3350,72
11470,360,3390,73
11470,360,3430,74
11470,370,3430,75
11470,380,3430,76
11470,380,3430,77
11470,390,3460,78
11470,400,3480,79
11470,410,3490,80
11470,410,3500,81
11470,420,3540,82
11470,430,3570,83
11470,430,3550,84
11470,440,3570,85
11470,450,3600,86
11470,460,3640,87
11470,470,3650,88
11470,470,3670,89
11470,480,3670,90
11470,490,3700,91
11470,490,3730,92
11470,500,3760,93
11470,510,3760,94
11470,510,3760,95
11470,520,3800,96
11470,530,3800,97
11470,540,3810,98
11470,540,3830,99
11470,550,3870,100
11470,560,3870,101
11470,570,3880,102
11470,580,3910,103
11470,580,3910,104
11470,590,3900,105
11470,600,3920,106
11470,610,3940,107
11470,620,3960,108
11470,620,3990,109
11470,630,4010,110
11470,640,4010,111
11470,650,4040,112
11470,660,4060,113
11470,660,4060,114
11470,670,4080,115
11470,680,4100,116
11470,690,4120,117
11470,700,4130,118
11470,700,4130,119
11470,710,4150,120
11470,720,4200,121
11470,730,4230,122
11470,740,4240,123
11470,740,4250,124
11470,750,4250,125
11470,760,4290,126
11470,770,4320,127
11470,770,4310,128
11470,780,4330,129
11470,790,4380,130
11470,800,4390,131
11470,810,4390,132
11470,810,4410,133
11470,820,4420,134
11470,830,4420,135
11470,840,4420,136
11470,850,4430,137
11470,850,4450,138
11470,860,4470,139
11470,870,4470,140
11470,880,4490,141
11470,890,4500,142
11470,890,4530,143
11470,900,4540,144
11470,910,4540,145
11470,920,4550,146
11470,930,4560,147
11470,930,4600,148
11470,940,4600,149
11470,950,4610,150
11470,960,4640,151
11470,970,4660,152
11470,970,4670,153
11470,980,4670,154
11470,990,4710,155
11470,990,4740,156
11470,1000,4750,157
11470,1010,4760,158
11470,1020,4800,159
11470,1030,4800,160
11470,1030,4800,161
11470,1040,4800,162
11470,1050,4800,163
11470,1060,4820,164
11470,1070,4840,165
11470,1070,4860,166
11470,1080,4880,167
11470,1090,4890,168
11470,1100,4910,169
11470,1100,4920,170
11470,1110,4950,171
11470,1120,4970,172
11470,1130,4980,173
11470,1140,5000,174
11470,1140,5020,175
11470,1150,5050,176
11470,1160,5070,177
11470,1170,5080,178
11470,1170,5100,179
11470,1180,5140,180
11470,1190,5180,181
11470,1190,5230,182
11470,1200,5260,183
11470,1210,5270,184
11470,1220,5280,185
11470,1220,5320,186
11470,1230,5340,187
11470,1230,5340,188
11470,1240,5370,189
11470,1250,5390,190
11470,1260,5390,191
11470,1260,5400,192
11470,1270,5440,193
11470,1280,5440,194
11470,1290,5440,195
11470,1290,5450,196
11470,1300,5450,197
11470,1310,5470,198
11470,1310,5470,199
11470,1320,5480,200
11470,1330,5510,201
11470,1330,5520,202
11470,1340,5540,203
11470,1350,5560,204
11470,1360,5580,205
11470,1360,5600,206
11470,1370,5610,207
11470,1380,5620,208
11470,1380,5630,209
11470,1390,5660,210
11470,1400,5680,211
11470,1400,5690,212
11470,1410,5710,213
11470,1410,5760,214
11470,1420,5790,215
11470,1430,5820,216
11470,1430,5840,217
11470,1440,5860,218
11470,1450,5870,219
11470,1450,5890,220
11470,1460,5900,221
11470,1470,5910,222
11470,1470,5940,223
11470,1470,5950,224
11470,1480,5950,225
11470,1480,5960,226
11470,1490,5980,227
11470,1500,5970,228
11470,1500,5980,229
11470,1510,5980,230
11470,1510,5990,231
11470,1520,6000,232
11470,1530,6000,233
11470,1530,6020,234
11470,1530,6040,235
11470,1540,6040,236
11470,1550,6070,237
11470,1550,6090,238
11470,1560,6100,239
11470,1560,6110,240
11470,1570,6130,241
11470,1570,6140,242
11470,1580,6140,243
11470,1580,6160,244
11470,1590,6180,245
11470,1590,6190,246
11470,1600,6210,247
11470,1600,6250,248
11470,1610,6280,249
11470,1610,6300,250
11470,1620,6310,251
11470,1620,6320,252
11470,1630,6340,253
11470,1630,6350,254
11470,1640,6360,255
11470,1640,6370,256
11470,1640,6380,257
11470,1650,6390,258
11470,1650,6390,259
11470,1660,6400,260
11470,1660,6400,261
11470,1670,6390,262
11470,1670,6390,263
11470,1680,6390,264
11470,1680,6390,265
11470,1680,6390,266
11470,1690,6390,267
11470,1690,6390,268
11470,1690,6390,269
11470,1700,6390,270
11470,1700,6400,271
11470,1710,6400,272
11470,1710,6400,273
11470,1710,6410,274
11470,1720,6420,275
11470,1720,6420,276
11470,1720,6430,277
11470,1720,6450,278
11470,1720,6460,279
11470,1730,6460,280
11470,1730,6480,281
11470,1730,6510,282
11470,1740,6520,283
11470,1740,6540,284
11470,1740,6550,285
11470,1740,6550,286
11470,1750,6560,287
11470,1750,6560,288
11470,1750,6560,289
11470,1750,6570,290
11470,1760,6580,291
11470,1760,6580,292
11470,1760,6580,293
11470,1760,6580,294
11470,1770,6580,295
11470,1770,6570,296
11470,1770,6570,297
11470,1770,6570,298
11470,1770,6560,299
11470,1780,6560,300
11470,1780,6560,301
11470,1780,6560,302
11470,1780,6570,303
11470,1790,6570,304
11470,1790,6570,305
11470,1790,6570,306
11470,1790,6570,307
11470,1790,6580,308
11470,1790,6580,309
11470,1790,6580,310
11470,1790,6580,311
11470,1800,6580,312
11470,1800,6590,313
11470,1800,6590,314
11470,1800,6600,315
11470,1800,6610,316
11470,1800,6620,317
11470,1800,6640,318
11470,1800,6620,319
11470,1800,6620,320
11470,1810,6640,321
11470,1810,6630,322
11470,1810,6640,323
11470,1810,6650,324
11470,1810,6660,325
11470,1810,6630,326
11470,1810,6610,327
11470,1810,6630,328
11470,1810,6630,329
11470,1810,6630,330
11470,1810,6640,331
11470,1810,6650,332
11470,1810,6650,333
11470,1810,6620,334
11470,1810,6610,335
11470,1810,6620,336
11470,1810,6610,337
11470,1810,6610,338
11470,1810,6590,339
11470,1810,6590,340
11470,1810,6600,341
11470,1810,6580,342
11470,1810,6560,343
11470,1810,6570,344
11470,1810,6570,345
11470,1810,6580,346
11470,1810,6580,347
11470,1810,6580,348
11470,1800,6580,349
11470,1800,6570,350
11470,1800,6580,351
11470,1800,6580,352
11470,1800,6580,353
11470,1800,6570,354
11470,1800,6570,355
11470,1800,6570,356
11470,1800,6560,357
11470,1800,6560,358
11470,1790,6570,359
11470,1790,6560,360
11470,1790,6560,361
11470,1790,6550,362
11470,1790,6550,363
11470,1790,6550,364
11470,1790,6550,365
11470,1780,6550,366
11470,1780,6550,367
11470,1780,6540,368
11470,1780,6540,369
11470,1780,6530,370
11470,1780,6530,371
11470,1770,6520,372
11470,1770,6520,373
11470,1770,6520,374
11470,1770,6520,375
11470,1770,6510,376
11470,1770,6500,377
11470,1760,6500,378
11470,1760,6490,379
11470,1760,6490,380
11470,1760,6490,381
11470,1750,6480,382
11470,1750,6480,383
11470,1750,6470,384
11470,1750,6470,385
11470,1740,6470,386
11470,1740,6460,387
11470,1740,6460,388
11470,1740,6450,389
11470,1740,6440,390
11470,1730,6440,391
11470,1730,6430,392
11470,1730,6420,393
11470,1720,6410,394
11470,1720,6410,395
11470,1720,6390,396
11470,1720,6380,397
11470,1720,6370,398
11470,1710,6360,399
11470,1710,6350,400
11470,1710,6340,401
11470,1700,6340,402
11470,1700,6320,403
11470,1700,6310,404
11470,1690,6300,405
11470,1690,6290,406
11470,1680,6280,407
11470,1680,6280,408
11470,1680,6270,409
11470,1670,6260,410
11470,1670,6250,411
11470,1670,6250,412
11470,1660,6230,413
11470,1660,6230,414
11470,1650,6220,415
11470,1650,6210,416
11470,1650,6200,417
11470,1640,6190,418
11470,1640,6180,419
11470,1630,6170,420
11470,1630,6160,421
11470,1620,6150,422
11470,1620,6140,423
11470,1620,6130,424
11470,1610,6110,425
11470,1610,6100,426
11470,1600,6090,427
11470,1600,6080,428
11470,1590,6070,429
11470,1590,6050,430
11470,1580,6030,431
11470,1580,6020,432
11470,1570,6000,433
11470,1570,5990,434
11470,1560,5980,435
11470,1560,5960,436
11470,1550,5950,437
11470,1550,5940,438
11470,1540,5930,439
11470,1540,5910,440
11470,1530,5900,441
11470,1530,5890,442
11470,1520,5880,443
11470,1520,5870,444
11470,1510,5860,445
11470,1510,5840,446
11470,1500,5840,447
11470,1500,5820,448
11470,1490,5810,449
11470,1480,5800,450
11470,1480,5790,451
11470,1470,5780,452
11470,1470,5770,453
11470,1460,5750,454
11470,1460,5740,455
11470,1450,5720,456
11470,1450,5710,457
11470,1440,5690,458
11470,1440,5680,459
11470,1430,5660,460
11470,1420,5650,461
11470,1420,5630,462
11470,1410,5610,463
11470,1410,5590,464
11470,1400,5570,465
11470,1390,5560,466
11470,1390,5540,467
11470,1380,5520,468
11470,1370,5510,469
11470,1370,5490,470
11470,1360,5480,471
11470,1360,5460,472
11470,1350,5450,473
11470,1340,5440,474
11470,1330,5420,475
11470,1330,5410,476
11470,1320,5400,477
11470,1310,5380,478
11470,1310,5360,479
11470,1300,5350,480
11470,1290,5330,481
11470,1290,5330,482
11470,1280,5310,483
11470,1270,5290,484
11470,1270,5280,485
11470,1260,5260,486
11470,1250,5240,487
11470,1250,5220,488
11470,1240,5210,489
11470,1230,5190,490
11470,1230,5170,491
11470,1220,5140,492
11470,1220,5130,493
11470,1210,5110,494
11470,1200,5090,495
11470,1190,5070,496
11470,1190,5050,497
11470,1180,5030,498
11470,1170,5010,499
11470,1170,4980,500
11470,1160,4960,501
11470,1150,4940,502
11470,1140,4920,503
11470,1140,4910,504
11470,1130,4890,505
11470,1120,4880,506
11470,1110,4860,507
11470,1110,4850,508
11470,1100,4840,509
11470,1090,4820,510
11470,1080,4800,511
11470,1080,4780,512
11470,1070,4780,513
11470,1060,4790,514
11470,1050,4790,515
11470,1040,4800,516
11470,1040,4810,517
11470,1030,4820,518
11470,1020,4830,519
11470,1010,4840,520
11470,1010,4860,521
11470,1000,4880,522
11470,990,4910,523
11470,980,4930,524
11470,980,4960,525
11470,970,4980,526
11470,960,5010,527
11470,950,5030,528
11470,950,5060,529
11470,940,5080,530
11470,930,5100,531
11470,920,5130,532
11470,910,5150,533
11470,900,5170,534
11470,900,5190,535
11470,890,5150,536
11470,880,4560,537
11470,870,4460,538
11470,860,4560,539
11470,860,4520,540
11470,850,4510,541
11470,840,4450,542
11470,830,4430,543
11470,820,4420,544
11470,820,4400,545
11470,810,4380,546
11470,800,4360,547
11470,790,4340,548
11470,780,4340,549
11470,780,4350,550
11470,770,4340,551
11470,760,4340,552
11470,750,4350,553
11470,740,4360,554
11470,740,4360,555
11470,730,4360,556
11470,720,4370,557
11470,710,4360,558
11470,700,4360,559
11470,690,4360,560
11470,690,4360,561
11470,680,4360,562
11470,670,4370,563
11470,660,4380,564
11470,650,4380,565
11470,640,4390,566
11470,640,4410,567
11470,630,4420,568
11470,620,4380,569
11470,610,4370,570
11470,600,4350,571
11470,600,4310,572
11470,590,4290,573
11470,580,4200,574
11470,570,4150,575
11470,560,4050,576
11470,560,4000,577
11470,550,3960,578
11470,540,3900,579
11470,530,3890,580
11470,520,3870,581
11470,520,3860,582
11470,510,3850,583
11470,500,3840,584
11470,490,3830,585
11470,490,3830,586
11470,480,3810,587
11470,470,3800,588
11470,460,3800,589
11470,460,3800,590
11470,450,3800,591
11470,440,3800,592
11470,430,3800,593
11470,430,3800,594
11470,420,3800,595
11470,410,3780,596
11470,400,3780,597
11470,390,3780,598
11470,390,3770,599
11470,380,3740,600
11470,370,3740,601
11470,370,3730,602
11470,360,3680,603
11470,350,3630,604
11470,340,3580,605
11470,340,3550,606
11470,330,3500,607
11470,320,3460,608
11470,320,3430,609
11470,310,3390,610
11470,300,3370,611
11470,300,3340,612
11470,290,3340,613
11470,280,3300,614
11470,280,3250,615
11470,270,3240,616
11470,260,3240,617
11470,260,3230,618
11470,250,3230,619
11470,250,3230,620
11470,240,3200,621
11470,240,3170,622
11470,230,3170,623
11470,230,3140,624
11470,220,3110,625
11470,210,3080,626
11470,210,3090,627
11470,200,3080,628
11470,200,3030,629
11470,190,3010,630
11470,180,2970,631
11470,180,2920,632
11470,170,2900,633
11470,170,2880,634
11470,160,2870,635
11470,160,2840,636
11470,150,2810,637
11470,150,2810,638
11470,140,2790,639
11470,140,2730,640
11470,130,2710,641
11470,130,2700,642
11470,120,2700,643
11470,120,2700,644
11470,110,2680,645
11470,110,2630,646
11470,110,2600,647
11470,100,2580,648
11470,100,2540,649
11470,90,2500,650
11470,90,2480,651
11470,90,2480,652
11470,80,2460,653
11470,80,2410,654
11470,70,2370,655
11470,70,2340,656
11470,70,2300,657
11470,60,2290,658
11470,60,2270,659
11470,60,2260,660
11470,50,2250,661
11470,50,2200,662
11470,50,2160,663
11470,50,2150,664
11470,40,2140,665
11470,40,2140,666
11470,40,2100,667
11470,40,2070,668
11470,30,2070,669
11470,30,2050,670
11470,30,2020,671
11470,30,2010,672
11470,20,2000,673
11470,20,2000,674
11470,20,1980,675
11470,20,1970,676
11470,20,1960,677
11470,10,1970,678
11470,10,1980,679
11470,10,1950,680
11470,10,1910,681
11470,10,1890,682
11470,10,1860,683
11470,10,1850,684
11470,0,1870,685
11470,0,1870,686
11470,0,1860,687
11470,0,1860,688
11470,0,1860,689
11470,0,1860,690
11470,0,1860,691
11470,0,1850,692
11470,0,1850,693
11470,0,1850,694
11470,0,1850,695
11470,0,1860,696
11470,0,1860,697
11470,0,1870,698
11470,0,1880,699
11470,0,1900,700
11470,0,1910,701
11470,0,1920,702
11470,0,1930,703
11470,0,1940,704
11470,0,1950,705
11470,0,1950,706
11470,0,1960,707
11470,0,1970,708
11470,0,1990,709
11470,0,2000,710
11470,0,2020,711
11470,10,2030,712
11470,10,2040,713
11470,10,2050,714
11470,10,2060,715
11470,10,2070,716
11470,10,2080,717
11470,20,2100,718
11470,20,2120,719
11470,20,2130,720
11470,20,2140,721
3088,20,2920,0
3088,30,2920,1
3088,30,2920,2
3088,30,2920,3
3088,30,2920,4
3088,40,2920,5
3088,40,2920,6
3088,40,2920,7
3088,40,2920,8
3088,50,2920,9
3088,50,2930,10
3088,50,2930,11
3088,60,2930,12
3088,60,2930,13
3088,60,2940,14
3088,70,2940,15
3088,70,2940,16
3088,80,2940,17
3088,80,2940,18
3088,80,2950,19
3088,90,2950,20
3088,90,2950,21
3088,100,2960,22
3088,100,2960,23
3088,100,2960,24
3088,110,2960,25
3088,110,2960,26
3088,120,2960,27
3088,120,2960,28
3088,130,2960,29
3088,130,2960,30
3088,140,2960,31
3088,140,2960,32
3088,150,2960,33
3088,150,2960,34
3088,160,2960,35
3088,170,2960,36
3088,170,2960,37
3088,180,2960,38
3088,180,2960,39
3088,190,2960,40
3088,190,2960,41
3088,200,2960,42
3088,200,2960,43
3088,210,2960,44
3088,210,2970,45
3088,220,2970,46
3088,230,2970,47
3088,230,2970,48
3088,240,2970,49
3088,240,2970,50
3088,250,2970,51
3088,260,2980,52
3088,260,2980,53
3088,270,2980,54
3088,280,2980,55
3088,280,2980,56
3088,290,2980,57
3088,300,2980,58
3088,300,2990,59
3088,310,2990,60
3088,320,2990,61
3088,320,2980,62
3088,330,2980,63
3088,340,2980,64
3088,340,2980,65
3088,350,2980,66
3088,350,2980,67
3088,360,2980,68
3088,370,2980,69
3088,380,2980,70
3088,380,2980,71
3088,390,2980,72
3088,400,2980,73
3088,410,2980,74
3088,410,2980,75
3088,420,2980,76
3088,430,2980,77
3088,430,2980,78
3088,440,2980,79
3088,450,2980,80
3088,460,2990,81
3088,470,2990,82
3088,470,2990,83
3088,480,2990,84
3088,490,2990,85
3088,490,2990,86
3088,500,2990,87
3088,510,2990,88
3088,520,2990,89
3088,520,2990,90
3088,530,2990,91
3088,540,2990,92
3088,550,2990,93
3088,550,2990,94
3088,560,2990,95
3088,570,2990,96
3088,580,2990,97
3088,580,2990,98
3088,590,2990,99
3088,600,2990,100
3088,610,2990,101
3088,610,2990,102
3088,620,2990,103
3088,630,2990,104
3088,640,2990,105
3088,650,2990,106
3088,650,2990,107
3088,660,2990,108
3088,670,2990,109
3088,680,2990,110
3088,680,2990,111
3088,690,2990,112
3088,700,2990,113
3088,700,2990,114
3088,710,2990,115
3088,720,2990,116
3088,730,2990,117
3088,730,2990,118
3088,740,2990,119
3088,750,2990,120
3088,760,2990,121
3088,760,2990,122
3088,770,2990,123
3088,780,2990,124
3088,790,2990,125
3088,800,2990,126
3088,800,2980,127
3088,810,2980,128
3088,820,2980,129
3088,820,2980,130
3088,830,2980,131
3088,840,2980,132
3088,850,2980,133
3088,850,2980,134
3088,860,2980,135
3088,870,2980,136
3088,880,2980,137
3088,880,2980,138
3088,890,2980,139
3088,900,2980,140
3088,900,2980,141
3088,910,2980,142
3088,920,2980,143
3088,930,2980,144
3088,930,2980,145
3088,940,2980,146
3088,950,2980,147
3088,960,2970,148
3088,960,2970,149
3088,970,2970,150
3088,980,2970,151
3088,980,2970,152
3088,990,2970,153
3088,1000,2970,154
3088,1000,2970,155
3088,1010,2970,156
3088,1020,2970,157
3088,1020,2970,158
3088,1030,2970,159
3088,1030,2970,160
3088,1040,2970,161
3088,1050,2970,162
3088,1050,2970,163
3088,1060,2970,164
3088,1060,2970,165
3088,1070,2970,166
3088,1070,2970,167
3088,1080,2970,168
3088,1080,2970,169
3088,1090,2970,170
3088,1090,2970,171
3088,1100,2970,172
3088,1100,2970,173
3088,1110,2960,174
3088,1110,2960,175
3088,1120,2960,176
3088,1130,2960,177
3088,1130,2960,178
3088,1140,2960,179
3088,1140,2960,180
3088,1150,2960,181
3088,1150,2960,182
3088,1160,2950,183
3088,1160,2950,184
3088,1170,2950,185
3088,1170,2950,186
3088,1170,2950,187
3088,1180,2950,188
3088,1180,2950,189
3088,1190,2950,190
3088,1190,2950,191
3088,1200,2950,192
3088,1200,2950,193
3088,1210,2950,194
3088,1210,2950,195
3088,1210,2950,196
3088,1220,2950,197
3088,1220,2950,198
3088,1220,2950,199
3088,1230,2950,200
3088,1230,2940,201
3088,1240,2940,202
3088,1240,2940,203
3088,1240,2940,204
3088,1250,2940,205
3088,1250,2940,206
3088,1250,2940,207
3088,1250,2940,208
3088,1260,2940,209
3088,1260,2940,210
3088,1270,2930,211
3088,1270,2930,212
3088,1270,2930,213
3088,1270,2930,214
3088,1270,2930,215
3088,1280,2930,216
3088,1280,2930,217
3088,1280,2930,218
3088,1280,2920,219
3088,1280,2930,220
3088,1290,2930,221
3088,1290,2920,222
3088,1290,2920,223
3088,1290,2920,224
3088,1290,2920,225
3088,1300,2920,226
3088,1300,2920,227
3088,1300,2920,228
3088,1300,2910,229
3088,1300,2910,230
3088,1300,2910,231
3088,1300,2910,232
3088,1310,2900,233
3088,1310,2900,234
3088,1310,2900,235
3088,1310,2900,236
3088,1310,2900,237
3088,1310,2900,238
3088,1310,2890,239
3088,1310,2890,240
3088,1310,2890,241
3088,1310,2890,242
3088,1310,2890,243
3088,1310,2890,244
3088,1310,2890,245
3088,1310,2890,246
3088,1310,2890,247
3088,1310,2890,248
3088,1310,2880,249
3088,1310,2870,250
3088,1310,2860,251
3088,1310,2850,252
3088,1310,2850,253
3088,1310,2840,254
3088,1310,2840,255
3088,1310,2830,256
3088,1310,2830,257
3088,1310,2830,258
3088,1310,2820,259
3088,1310,2820,260
3088,1310,2820,261
3088,1310,2810,262
3088,1310,2800,263
3088,1310,2800,264
3088,1310,2790,265
3088,1310,2790,266
3088,1310,2780,267
3088,1310,2780,268
3088,1310,2780,269
3088,1300,2770,270
3088,1300,2770,271
3088,1300,2770,272
3088,1300,2770,273
3088,1300,2770,274
3088,1290,2770,275
3088,1290,2780,276
3088,1290,2780,277
3088,1290,2780,278
3088,1290,2780,279
3088,1280,2780,280
3088,1280,2780,281
3088,1280,2780,282
3088,1280,2780,283
3088,1270,2780,284
3088,1270,2780,285
3088,1270,2780,286
3088,1260,2780,287
3088,1260,2770,288
3088,1260,2770,289
3088,1260,2770,290
3088,1250,2760,291
3088,1250,2760,292
3088,1250,2750,293
3088,1250,2750,294
3088,1240,2750,295
3088,1240,2750,296
3088,1240,2750,297
3088,1230,2740,298
3088,1230,2740,299
3088,1230,2740,300
3088,1220,2740,301
3088,1220,2740,302
3088,1220,2740,303
3088,1210,2740,304
3088,1210,2740,305
3088,1210,2740,306
3088,1210,2740,307
3088,1200,2740,308
3088,1200,2750,309
3088,1190,2750,310
3088,1190,2750,311
3088,1180,2750,312
3088,1180,2750,313
3088,1180,2750,314
3088,1170,2750,315
3088,1170,2750,316
3088,1160,2740,317
3088,1150,2740,318
3088,1150,2740,319
3088,1150,2740,320
3088,1140,2740,321
3088,1140,2740,322
3088,1130,2730,323
3088,1130,2730,324
3088,1120,2730,325
3088,1120,2730,326
3088,1110,2730,327
3088,1110,2730,328
3088,1100,2720,329
3088,1100,2720,330
3088,1090,2720,331
3088,1090,2720,332
3088,1090,2720,333
3088,1080,2720,334
3088,1070,2720,335
3088,1070,2720,336
3088,1060,2720,337
3088,1060,2720,338
3088,1050,2720,339
3088,1050,2720,340
3088,1040,2720,341
3088,1040,2720,342
3088,1030,2720,343
3088,1020,2720,344
3088,1020,2720,345
3088,1010,2720,346
3088,1000,2720,347
3088,1000,2720,348
3088,990,2720,349
3088,980,2720,350
3088,980,2720,351
3088,970,2720,352
3088,970,2720,353
3088,960,2710,354
3088,950,2710,355
3088,950,2710,356
3088,940,2710,357
3088,930,2710,358
3088,920,2710,359
3088,920,2710,360
3088,910,2710,361
3088,900,2710,362
3088,900,2710,363
3088,890,2710,364
3088,880,2710,365
3088,880,2700,366
3088,870,2700,367
3088,860,2700,368
3088,850,2710,369
3088,850,2710,370
3088,840,2710,371
3088,830,2700,372
3088,820,2700,373
3088,820,2700,374
3088,810,2710,375
3088,800,2710,376
3088,800,2710,377
3088,790,2700,378
3088,780,2700,379
3088,770,2700,380
3088,770,2700,381
3088,760,2700,382
3088,750,2700,383
3088,750,2700,384
3088,740,2700,385
3088,730,2700,386
3088,720,2700,387
3088,720,2700,388
3088,710,2700,389
3088,700,2700,390
3088,700,2700,391
3088,690,2700,392
3088,680,2700,393
3088,680,2700,394
3088,670,2690,395
3088,660,2690,396
3088,650,2690,397
3088,650,2690,398
3088,640,2700,399
3088,630,2700,400
3088,620,2700,401
3088,610,2700,402
3088,610,2700,403
3088,600,2700,404
3088,590,2700,405
3088,580,2700,406
3088,580,2700,407
3088,570,2700,408
3088,560,2700,409
3088,550,2700,410
3088,550,2700,411
3088,540,2700,412
3088,530,2700,413
3088,520,2700,414
3088,520,2700,415
3088,510,2700,416
3088,500,2700,417
3088,490,2700,418
3088,480,2690,419
3088,480,2690,420
3088,470,2700,421
3088,460,2700,422
3088,450,2690,423
3088,450,2690,424
3088,440,2690,425
3088,430,2700,426
3088,420,2700,427
3088,420,2700,428
3088,410,2700,429
3088,400,2700,430
3088,390,2700,431
3088,390,2700,432
3088,380,2700,433
3088,370,2700,434
3088,370,2700,435
3088,360,2700,436
3088,350,2700,437
3088,350,2700,438
3088,340,2700,439
3088,330,2700,440
3088,330,2700,441
3088,320,2700,442
3088,310,2700,443
3088,300,2710,444
3088,300,2710,445
3088,290,2710,446
3088,280,2710,447
3088,280,2710,448
3088,270,2710,449
3088,260,2710,450
3088,260,2710,451
3088,250,2710,452
3088,240,2710,453
3088,240,2710,454
3088,230,2710,455
3088,220,2710,456
3088,220,2710,457
3088,210,2710,458
3088,210,2710,459
3088,200,2710,460
3088,190,2710,461
3088,190,2720,462
3088,180,2720,463
3088,180,2720,464
3088,170,2720,465
3088,160,2720,466
3088,160,2720,467
3088,150,2720,468
3088,150,2720,469
3088,140,2730,470
3088,140,2730,471
3088,130,2720,472
3088,130,2720,473
3088,120,2720,474
3088,120,2730,475
3088,110,2730,476
3088,110,2730,477
3088,100,2730,478
3088,100,2730,479
3088,90,2730,480
3088,90,2730,481
3088,90,2730,482
3088,80,2730,483
3088,80,2730,484
3088,70,2730,485
3088,70,2740,486
3088,70,2740,487
3088,60,2740,488
3088,60,2750,489
3088,50,2750,490
3088,50,2750,491
3088,50,2750,492
3088,50,2750,493
3088,40,2750,494
3088,40,2760,495
3088,40,2760,496
3088,30,2760,497
3088,30,2760,498
3088,30,2770,499
3088,30,2770,500
3088,20,2770,501
3088,20,2770,502
3088,20,2770,503
3088,20,2770,504
3088,10,2770,505
3088,10,2770,506
3088,10,2770,507
3088,10,2770,508
3088,10,2770,509
3088,10,2770,510
3088,10,2770,511
3088,10,2780,512
3088,0,2780,513
3088,0,2780,514
3088,0,2780,515
3088,0,2790,516
3088,0,2790,517
3088,0,2800,518
3088,0,2800,519
3088,0,2800,520
3088,0,2810,521
3088,0,2810,522
3088,0,2820,523
3088,0,2830,524
3088,0,2850,525
3088,0,2860,526
3088,0,2860,527
3088,0,2860,528
3088,0,2870,529
3088,0,2870,530
3088,0,2880,531
3088,0,2880,532
3088,0,2890,533
3088,0,2890,534
3088,0,2890,535
3088,0,2900,536
3088,0,2900,537
3088,10,2910,538
3088,10,2910,539
3088,10,2920,540
3088,10,2920,541
3088,10,2920,542
3088,10,2920,543
3088,20,2920,544
3088,20,2920,545
3088,20,2920,546
-58806,21,2458,1
-58806,21,2458,1
-58806,24,2458,2
-58806,24,2458,2
-58806,28,2435,3
-58806,28,2435,3
-58806,32,2406,4
-58806,32,2406,4
-58806,36,2373,5
-58806,36,2373,5
-58806,41,2335,6
-58806,41,2335,6
-58806,45,2294,7
-58806,45,2294,7
-58806,51,2251,8
-58806,51,2251,8
-58806,56,2207,9
-58806,56,2207,9
-58806,62,2163,10
-58806,62,2163,10
-58806,68,2121,11
-58806,68,2121,11
-58806,74,2083,12
-58806,74,2083,12
-58806,80,2049,13
-58806,80,2049,13
-58806,87,2022,14
-58806,87,2022,14
-58806,94,2001,15
-58806,94,2001,15
-58806,101,1989,16
-58806,101,1989,16
-58806,108,1985,17
-58806,108,1985,17
-58806,116,1990,18
-58806,116,1990,18
-58806,124,2002,19
-58806,124,2002,19
-58806,132,2024,20
-58806,132,2024,20
-58806,141,2055,21
-58806,141,2055,21
-58806,149,2093,22
-58806,149,2093,22
-58806,158,2137,23
-58806,158,2137,23
-58806,167,2186,24
-58806,167,2186,24
-58806,176,2238,25
-58806,176,2238,25
-58806,186,2293,26
-58806,186,2293,26
-58806,196,2347,27
-58806,196,2347,27
-58806,206,2400,28
-58806,206,2400,28
-58806,216,2451,29
-58806,216,2451,29
-58806,226,2497,30
-58806,226,2497,30
-58806,237,2537,31
-58806,237,2537,31
-58806,248,2569,32
-58806,248,2569,32
-58806,259,2593,33
-58806,259,2593,33
-58806,271,2608,34
-58806,271,2608,34
-58806,283,2613,35
-58806,283,2613,35
-58806,295,2608,36
-58806,295,2608,36
-58806,308,2593,37
-58806,308,2593,37
-58806,320,2568,38
-58806,320,2568,38
-58806,333,2534,39
-58806,333,2534,39
-58806,346,2491,40
-58806,346,2491,40
-58806,359,2441,41
-58806,359,2441,41
-58806,372,2385,42
-58806,372,2385,42
-58806,385,2322,43
-58806,385,2322,43
-58806,399,2256,44
-58806,399,2256,44
-58806,413,2189,45
-58806,413,2189,45
-58806,427,2120,46
-58806,427,2120,46
-58806,442,2053,47
-58806,442,2053,47
-58806,457,1988,48
-58806,457,1988,48
-58806,471,1927,49
-58806,471,1927,49
-58806,486,1871,50
-58806,486,1871,50
-58806,500,1821,51
-58806,500,1821,51
-58806,515,1778,52
-58806,515,1778,52
-58806,529,1744,53
-58806,529,1744,53
-58806,544,1719,54
-58806,544,1719,54
-58806,558,1703,55
-58806,558,1703,55
-58806,573,1696,56
-58806,573,1696,56
-58806,587,1698,57
-58806,587,1698,57
-58806,600,1710,58
-58806,600,1710,58
-58806,614,1730,59
-58806,614,1730,59
-58806,628,1757,60
-58806,628,1757,60
-58806,642,1792,61
-58806,642,1792,61
-58806,656,1834,62
-58806,656,1834,62
-58806,670,1882,63
-58806,670,1882,63
-58806,685,1934,64
-58806,685,1934,64
-58806,699,1990,65
-58806,699,1990,65
-58806,714,2049,66
-58806,714,2049,66
-58806,728,2110,67
-58806,728,2110,67
-58806,743,2170,68
-58806,743,2170,68
-58806,757,2232,69
-58806,757,2232,69
-58806,772,2293,70
-58806,772,2293,70
-58806,787,2354,71
-58806,787,2354,71
-58806,801,2412,72
-58806,801,2412,72
-58806,816,2468,73
-58806,816,2468,73
-58806,830,2522,74
-58806,830,2522,74
-58806,845,2574,75
-58806,845,2574,75
-58806,860,2621,76
-58806,860,2621,76
-58806,874,2667,77
-58806,874,2667,77
-58806,889,2711,78
-58806,889,2711,78
-58806,903,2751,79
-58806,903,2751,79
-58806,918,2790,80
-58806,918,2790,80
-58806,932,2826,81
-58806,932,2826,81
-58806,946,2860,82
-58806,946,2860,82
-58806,961,2892,83
-58806,961,2892,83
-58806,975,2921,84
-58806,975,2921,84
-58806,989,2950,85
-58806,989,2950,85
-58806,1003,2978,86
-58806,1003,2978,86
-58806,1017,3004,87
-58806,1017,3004,87
-58806,1031,3029,88
-58806,1031,3029,88
-58806,1045,3054,89
-58806,1045,3054,89
-58806,1059,3077,90
-58806,1059,3077,90
-58806,1073,3099,91
-58806,1073,3099,91
-58806,1087,3121,92
-58806,1087,3121,92
-58806,1100,3140,93
-58806,1100,3140,93
-58806,1114,3160,94
-58806,1114,3160,94
-58806,1127,3179,95
-58806,1127,3179,95
-58806,1140,3197,96
-58806,1140,3197,96
-58806,1154,3214,97
-58806,1154,3214,97
-58806,1167,3230,98
-58806,1167,3230,98
-58806,1180,3245,99
-58806,1180,3245,99
-58806,1193,3260,100
-58806,1193,3260,100
-58806,1206,3273,101
-58806,1206,3273,101
-58806,1218,3286,102
-58806,1218,3286,102
-58806,1231,3298,103
-58806,1231,3298,103
-58806,1244,3309,104
-58806,1244,3309,104
-58806,1256,3320,105
-58806,1256,3320,105
-58806,1268,3331,106
-58806,1268,3331,106
-58806,1281,3341,107
-58806,1281,3341,107
-58806,1293,3350,108
-58806,1293,3350,108
-58806,1305,3358,109
-58806,1305,3358,109
-58806,1316,3367,110
-58806,1316,3367,110
-58806,1328,3375,111
-58806,1328,3375,111
-58806,1340,3383,112
-58806,1340,3383,112
-58806,1351,3390,113
-58806,1351,3390,113
-58806,1363,3397,114
-58806,1363,3397,114
-58806,1374,3403,115
-58806,1374,3403,115
-58806,1385,3409,116
-58806,1385,3409,116
-58806,1396,3414,117
-58806,1396,3414,117
-58806,1407,3419,118
-58806,1407,3419,118
-58806,1418,3424,119
-58806,1418,3424,119
-58806,1429,3429,120
-58806,1429,3429,120
-58806,1440,3433,121
-58806,1440,3433,121
-58806,1450,3437,122
-58806,1450,3437,122
-58806,1461,3441,123
-58806,1461,3441,123
-58806,1471,3444,124
-58806,1471,3444,124
-58806,1482,3447,125
-58806,1482,3447,125
-58806,1492,3450,126
-58806,1492,3450,126
-58806,1502,3453,127
-58806,1502,3453,127
-58806,1512,3456,128
-58806,1512,3456,128
-58806,1522,3459,129
-58806,1522,3459,129
-58806,1531,3462,130
-58806,1531,3462,130
-58806,1541,3465,131
-58806,1541,3465,131
-58806,1550,3467,132
-58806,1550,3467,132
-58806,1560,3469,133
-58806,1560,3469,133
-58806,1569,3473,134
-58806,1569,3473,134
-58806,1578,3476,135
-58806,1578,3476,135
-58806,1587,3479,136
-58806,1587,3479,136
-58806,1596,3483,137
-58806,1596,3483,137
-58806,1605,3486,138
-58806,1605,3486,138
-58806,1613,3490,139
-58806,1613,3490,139
-58806,1622,3494,140
-58806,1622,3494,140
-58806,1630,3497,141
-58806,1630,3497,141
-58806,1639,3501,142
-58806,1639,3501,142
-58806,1647,3505,143
-58806,1647,3505,143
-58806,1655,3509,144
-58806,1655,3509,144
-58806,1663,3514,145
-58806,1663,3514,145
-58806,1671,3519,146
-58806,1671,3519,146
-58806,1679,3524,147
-58806,1679,3524,147
-58806,1687,3529,148
-58806,1687,3529,148
-58806,1695,3534,149
-58806,1695,3534,149
-58806,1702,3538,150
-58806,1702,3538,150
-58806,1710,3543,151
-58806,1710,3543,151
-58806,1717,3548,152
-58806,1717,3548,152
-58806,1725,3554,153
-58806,1725,3554,153
-58806,1732,3559,154
-58806,1732,3559,154
-58806,1739,3563,155
-58806,1739,3563,155
-58806,1746,3568,156
-58806,1746,3568,156
-58806,1753,3572,157
-58806,1753,3572,157
-58806,1760,3574,158
-58806,1760,3574,158
-58806,1767,3577,159
-58806,1767,3577,159
-58806,1773,3580,160
-58806,1773,3580,160
-58806,1780,3582,161
-58806,1780,3582,161
-58806,1786,3584,162
-58806,1786,3584,162
-58806,1793,3585,163
-58806,1793,3585,163
-58806,1799,3586,164
-58806,1799,3586,164
-58806,1805,3587,165
-58806,1805,3587,165
-58806,1811,3587,166
-58806,1811,3587,166
-58806,1818,3587,167
-58806,1818,3587,167
-58806,1823,3588,168
-58806,1823,3588,168
-58806,1829,3588,169
-58806,1829,3588,169
-58806,1835,3589,170
-58806,1835,3589,170
-58806,1841,3590,171
-58806,1841,3590,171
-58806,1847,3591,172
-58806,1847,3591,172
-58806,1852,3592,173
-58806,1852,3592,173
-58806,1858,3592,174
-58806,1858,3592,174
-58806,1863,3594,175
-58806,1863,3594,175
-58806,1868,3595,176
-58806,1868,3595,176
-58806,1873,3597,177
-58806,1873,3597,177
-58806,1878,3599,178
-58806,1878,3599,178
-58806,1883,3602,179
-58806,1883,3602,179
-58806,1888,3604,180
-58806,1888,3604,180
-58806,1893,3606,181
-58806,1893,3606,181
-58806,1898,3609,182
-58806,1898,3609,182
-58806,1903,3610,183
-58806,1903,3610,183
-58806,1907,3612,184
-58806,1907,3612,184
-58806,1912,3614,185
-58806,1912,3614,185
-58806,1916,3617,186
-58806,1916,3617,186
-58806,1921,3619,187
-58806,1921,3619,187
-58806,1925,3621,188
-58806,1925,3621,188
-58806,1929,3623,189
-58806,1929,3623,189
-58806,1933,3625,190
-58806,1933,3625,190
-58806,1937,3626,191
-58806,1937,3626,191
-58806,1941,3628,192
-58806,1941,3628,192
-58806,1944,3630,193
-58806,1944,3630,193
-58806,1948,3632,194
-58806,1948,3632,194
-58806,1952,3634,195
-58806,1952,3634,195
-58806,1955,3637,196
-58806,1955,3637,196
-58806,1959,3639,197
-58806,1959,3639,197
-58806,1962,3641,198
-58806,1962,3641,198
-58806,1965,3641,199
-58806,1965,3641,199
-58806,1968,3643,200
-58806,1968,3643,200
-58806,1972,3644,201
-58806,1972,3644,201
-58806,1975,3645,202
-58806,1975,3645,202
-58806,1977,3645,203
-58806,1977,3645,203
-58806,1980,3645,204
-58806,1980,3645,204
-58806,1983,3644,205
-58806,1983,3644,205
-58806,1986,3643,206
-58806,1986,3643,206
-58806,1988,3640,207
-58806,1988,3640,207
-58806,1991,3637,208
-58806,1991,3637,208
-58806,1993,3634,209
-58806,1993,3634,209
-58806,1995,3631,210
-58806,1995,3631,210
-58806,1998,3627,211
-58806,1998,3627,211
-58806,2000,3623,212
-58806,2000,3623,212
-58806,2002,3619,213
-58806,2002,3619,213
-58806,2003,3615,214
-58806,2003,3615,214
-58806,2005,3610,215
-58806,2005,3610,215
-58806,2007,3607,216
-58806,2007,3607,216
-58806,2008,3605,217
-58806,2008,3605,217
-58806,2010,3603,218
-58806,2010,3603,218
-58806,2011,3602,219
-58806,2011,3602,219
-58806,2013,3603,220
-58806,2013,3603,220
-58806,2014,3605,221
-58806,2014,3605,221
-58806,2015,3608,222
-58806,2015,3608,222
-58806,2016,3612,223
-58806,2016,3612,223
-58806,2016,3616,224
-58806,2016,3616,224
-58806,2017,3622,225
-58806,2017,3622,225
-58806,2018,3630,226
-58806,2018,3630,226
-58806,2018,3638,227
-58806,2018,3638,227
-58806,2019,3647,228
-58806,2019,3647,228
-58806,2019,3657,229
-58806,2019,3657,229
-58806,2019,3666,230
-58806,2019,3666,230
-58806,2019,3676,231
-58806,2019,3676,231
-58806,2019,3685,232
-58806,2019,3685,232
-58806,2018,3694,233
-58806,2018,3694,233
-58806,2018,3703,234
-58806,2018,3703,234
-58806,2018,3711,235
-58806,2018,3711,235
-58806,2017,3719,236
-58806,2017,3719,236
-58806,2016,3725,237
-58806,2016,3725,237
-58806,2015,3731,238
-58806,2015,3731,238
-58806,2014,3735,239
-58806,2014,3735,239
-58806,2013,3738,240
-58806,2013,3738,240
-58806,2012,3741,241
-58806,2012,3741,241
-58806,2011,3743,242
-58806,2011,3743,242
-58806,2009,3744,243
-58806,2009,3744,243
-58806,2008,3745,244
-58806,2008,3745,244
-58806,2006,3744,245
-58806,2006,3744,245
-58806,2004,3744,246
-58806,2004,3744,246
-58806,2002,3742,247
-58806,2002,3742,247
-58806,2000,3739,248
-58806,2000,3739,248
-58806,1998,3737,249
-58806,1998,3737,249
-58806,1995,3734,250
-58806,1995,3734,250
-58806,1993,3731,251
-58806,1993,3731,251
-58806,1990,3728,252
-58806,1990,3728,252
-58806,1987,3724,253
-58806,1987,3724,253
-58806,1984,3720,254
-58806,1984,3720,254
-58806,1981,3715,255
-58806,1981,3715,255
-58806,1978,3709,256
-58806,1978,3709,256
-58806,1974,3704,257
-58806,1974,3704,257
-58806,1971,3698,258
-58806,1971,3698,258
-58806,1967,3693,259
-58806,1967,3693,259
-58806,1963,3687,260
-58806,1963,3687,260
-58806,1959,3681,261
-58806,1959,3681,261
-58806,1955,3675,262
-58806,1955,3675,262
-58806,1950,3669,263
-58806,1950,3669,263
-58806,1946,3663,264
-58806,1946,3663,264
-58806,1941,3658,265
-58806,1941,3658,265
-58806,1936,3654,266
-58806,1936,3654,266
-58806,1931,3651,267
-58806,1931,3651,267
-58806,1926,3649,268
-58806,1926,3649,268
-58806,1921,3648,269
-58806,1921,3648,269
-58806,1915,3648,270
-58806,1915,3648,270
-58806,1910,3649,271
-58806,1910,3649,271
-58806,1904,3652,272
-58806,1904,3652,272
-58806,1898,3656,273
-58806,1898,3656,273
-58806,1892,3661,274
-58806,1892,3661,274
-58806,1886,3668,275
-58806,1886,3668,275
-58806,1880,3676,276
-58806,1880,3676,276
-58806,1873,3686,277
-58806,1873,3686,277
-58806,1867,3696,278
-58806,1867,3696,278
-58806,1860,3706,279
-58806,1860,3706,279
-58806,1853,3717,280
-58806,1853,3717,280
-58806,1846,3728,281
-58806,1846,3728,281
-58806,1839,3738,282
-58806,1839,3738,282
-58806,1832,3749,283
-58806,1832,3749,283
-58806,1824,3759,284
-58806,1824,3759,284
-58806,1816,3768,285
-58806,1816,3768,285
-58806,1809,3775,286
-58806,1809,3775,286
-58806,1801,3782,287
-58806,1801,3782,287
-58806,1793,3786,288
-58806,1793,3786,288
-58806,1785,3789,289
-58806,1785,3789,289
-58806,1776,3790,290
-58806,1776,3790,290
-58806,1768,3790,291
-58806,1768,3790,291
-58806,1760,3788,292
-58806,1760,3788,292
-58806,1751,3784,293
-58806,1751,3784,293
-58806,1742,3779,294
-58806,1742,3779,294
-58806,1733,3772,295
-58806,1733,3772,295
-58806,1724,3764,296
-58806,1724,3764,296
-58806,1715,3754,297
-58806,1715,3754,297
-58806,1706,3745,298
-58806,1706,3745,298
-58806,1696,3734,299
-58806,1696,3734,299
-58806,1687,3724,300
-58806,1687,3724,300
-58806,1677,3714,301
-58806,1677,3714,301
-58806,1667,3705,302
-58806,1667,3705,302
-58806,1657,3696,303
-58806,1657,3696,303
-58806,1647,3688,304
-58806,1647,3688,304
-58806,1637,3680,305
-58806,1637,3680,305
-58806,1627,3675,306
-58806,1627,3675,306
-58806,1617,3671,307
-58806,1617,3671,307
-58806,1606,3670,308
-58806,1606,3670,308
-58806,1596,3670,309
-58806,1596,3670,309
-58806,1585,3672,310
-58806,1585,3672,310
-58806,1574,3676,311
-58806,1574,3676,311
-58806,1563,3682,312
-58806,1563,3682,312
-58806,1552,3690,313
-58806,1552,3690,313
-58806,1541,3699,314
-58806,1541,3699,314
-58806,1530,3711,315
-58806,1530,3711,315
-58806,1519,3724,316
-58806,1519,3724,316
-58806,1508,3739,317
-58806,1508,3739,317
-58806,1496,3754,318
-58806,1496,3754,318
-58806,1485,3770,319
-58806,1485,3770,319
-58806,1473,3787,320
-58806,1473,3787,320
-58806,1462,3803,321
-58806,1462,3803,321
-58806,1450,3818,322
-58806,1450,3818,322
-58806,1438,3834,323
-58806,1438,3834,323
-58806,1427,3849,324
-58806,1427,3849,324
-58806,1415,3862,325
-58806,1415,3862,325
-58806,1403,3874,326
-58806,1403,3874,326
-58806,1391,3884,327
-58806,1391,3884,327
-58806,1379,3891,328
-58806,1379,3891,328
-58806,1367,3896,329
-58806,1367,3896,329
-58806,1355,3898,330
-58806,1355,3898,330
-58806,1343,3898,331
-58806,1343,3898,331
-58806,1330,3895,332
-58806,1330,3895,332
-58806,1318,3889,333
-58806,1318,3889,333
-58806,1306,3881,334
-58806,1306,3881,334
-58806,1294,3871,335
-58806,1294,3871,335
-58806,1282,3858,336
-58806,1282,3858,336
-58806,1269,3843,337
-58806,1269,3843,337
-58806,1257,3826,338
-58806,1257,3826,338
-58806,1245,3808,339
-58806,1245,3808,339
-58806,1232,3789,340
-58806,1232,3789,340
-58806,1220,3770,341
-58806,1220,3770,341
-58806,1207,3751,342
-58806,1207,3751,342
-58806,1194,3732,343
-58806,1194,3732,343
-58806,1182,3715,344
-58806,1182,3715,344
-58806,1169,3698,345
-58806,1169,3698,345
-58806,1156,3683,346
-58806,1156,3683,346
-58806,1143,3671,347
-58806,1143,3671,347
-58806,1131,3662,348
-58806,1131,3662,348
-58806,1118,3655,349
-58806,1118,3655,349
-58806,1105,3653,350
-58806,1105,3653,350
-58806,1092,3654,351
-58806,1092,3654,351
-58806,1079,3658,352
-58806,1079,3658,352
-58806,1067,3667,353
-58806,1067,3667,353
-58806,1054,3679,354
-58806,1054,3679,354
-58806,1041,3694,355
-58806,1041,3694,355
-58806,1028,3713,356
-58806,1028,3713,356
-58806,1015,3735,357
-58806,1015,3735,357
-58806,1002,3760,358
-58806,1002,3760,358
-58806,989,3786,359
-58806,989,3786,359
-58806,976,3814,360
-58806,976,3814,360
-58806,963,3842,361
-58806,963,3842,361
-58806,951,3870,362
-58806,951,3870,362
-58806,938,3896,363
-58806,938,3896,363
-58806,925,3921,364
-58806,925,3921,364
-58806,913,3944,365
-58806,913,3944,365
-58806,900,3964,366
-58806,900,3964,366
-58806,887,3979,367
-58806,887,3979,367
-58806,875,3991,368
-58806,875,3991,368
-58806,862,3998,369
-58806,862,3998,369
-58806,849,4000,370
-58806,849,4000,370
-58806,837,3995,371
-58806,837,3995,371
-58806,824,3987,372
-58806,824,3987,372
-58806,812,3973,373
-58806,812,3973,373
-58806,800,3955,374
-58806,800,3955,374
-58806,787,3932,375
-58806,787,3932,375
-58806,775,3905,376
-58806,775,3905,376
-58806,762,3875,377
-58806,762,3875,377
-58806,750,3843,378
-58806,750,3843,378
-58806,738,3808,379
-58806,738,3808,379
-58806,726,3773,380
-58806,726,3773,380
-58806,713,3738,381
-58806,713,3738,381
-58806,701,3705,382
-58806,701,3705,382
-58806,689,3673,383
-58806,689,3673,383
-58806,677,3644,384
-58806,677,3644,384
-58806,664,3619,385
-58806,664,3619,385
-58806,652,3598,386
-58806,652,3598,386
-58806,640,3582,387
-58806,640,3582,387
-58806,628,3572,388
-58806,628,3572,388
-58806,615,3568,389
-58806,615,3568,389
-58806,603,3570,390
-58806,603,3570,390
-58806,591,3579,391
-58806,591,3579,391
-58806,580,3595,392
-58806,580,3595,392
-58806,568,3616,393
-58806,568,3616,393
-58806,556,3644,394
-58806,556,3644,394
-58806,544,3676,395
-58806,544,3676,395
-58806,532,3714,396
-58806,532,3714,396
-58806,521,3756,397
-58806,521,3756,397
-58806,509,3801,398
-58806,509,3801,398
-58806,498,3847,399
-58806,498,3847,399
-58806,487,3895,400
-58806,487,3895,400
-58806,475,3942,401
-58806,475,3942,401
-58806,464,3987,402
-58806,464,3987,402
-58806,453,4029,403
-58806,453,4029,403
-58806,442,4066,404
-58806,442,4066,404
-58806,431,4099,405
-58806,431,4099,405
-58806,420,4125,406
-58806,420,4125,406
-58806,410,4144,407
-58806,410,4144,407
-58806,399,4156,408
-58806,399,4156,408
-58806,389,4159,409
-58806,389,4159,409
-58806,378,4154,410
-58806,378,4154,410
-58806,368,4141,411
-58806,368,4141,411
-58806,358,4118,412
-58806,358,4118,412
-58806,348,4089,413
-58806,348,4089,413
-58806,338,4053,414
-58806,338,4053,414
-58806,328,4011,415
-58806,328,4011,415
-58806,318,3963,416
-58806,318,3963,416
-58806,309,3912,417
-58806,309,3912,417
-58806,299,3857,418
-58806,299,3857,418
-58806,289,3801,419
-58806,289,3801,419
-58806,280,3743,420
-58806,280,3743,420
-58806,271,3686,421
-58806,271,3686,421
-58806,262,3630,422
-58806,262,3630,422
-58806,252,3577,423
-58806,252,3577,423
-58806,243,3527,424
-58806,243,3527,424
-58806,235,3479,425
-58806,235,3479,425
-58806,226,3435,426
-58806,226,3435,426
-58806,217,3395,427
-58806,217,3395,427
-58806,209,3358,428
-58806,209,3358,428
-58806,200,3325,429
-58806,200,3325,429
-58806,192,3294,430
-58806,192,3294,430
-58806,184,3266,431
-58806,184,3266,431
-58806,176,3240,432
-58806,176,3240,432
-58806,168,3215,433
-58806,168,3215,433
-58806,160,3191,434
-58806,160,3191,434
-58806,152,3166,435
-58806,152,3166,435
-58806,145,3140,436
-58806,145,3140,436
-58806,137,3114,437
-58806,137,3114,437
-58806,130,3087,438
-58806,130,3087,438
-58806,123,3059,439
-58806,123,3059,439
-58806,116,3029,440
-58806,116,3029,440
-58806,109,2998,441
-58806,109,2998,441
-58806,103,2966,442
-58806,103,2966,442
-58806,96,2934,443
-58806,96,2934,443
-58806,90,2901,444
-58806,90,2901,444
-58806,84,2868,445
-58806,84,2868,445
-58806,78,2836,446
-58806,78,2836,446
-58806,73,2806,447
-58806,73,2806,447
-58806,67,2777,448
-58806,67,2777,448
-58806,62,2750,449
-58806,62,2750,449
-58806,57,2725,450
-58806,57,2725,450
-58806,52,2701,451
-58806,52,2701,451
-58806,48,2680,452
-58806,48,2680,452
-58806,43,2659,453
-58806,43,2659,453
-58806,39,2640,454
-58806,39,2640,454
-58806,35,2622,455
-58806,35,2622,455
-58806,31,2605,456
-58806,31,2605,456
-58806,27,2588,457
-58806,27,2588,457
-58806,23,2570,458
-58806,23,2570,458
-58806,20,2552,459
-58806,20,2552,459
-58806,17,2532,460
-58806,17,2532,460
-58806,14,2511,461
-58806,14,2511,461
-58806,12,2490,462
-58806,12,2490,462
-58806,9,2467,463
-58806,9,2467,463
-58806,7,2445,464
-58806,7,2445,464
-58806,6,2422,465
-58806,6,2422,465
-58806,4,2400,466
-58806,4,2400,466
-58806,2,2378,467
-58806,2,2378,467
-58806,1,2359,468
-58806,1,2359,468
-58806,0,2342,469
-58806,0,2342,469
-58806,0,2328,470
-58806,0,2328,470
-58806,0,2319,471
-58806,0,2319,471
-58806,0,2313,472
-58806,0,2313,472
-58806,0,2312,473
-58806,0,2312,473
-58806,0,2316,474
-58806,0,2316,474
-58806,0,2324,475
-58806,0,2324,475
-58806,1,2336,476
-58806,1,2336,476
-58806,2,2351,477
-58806,2,2351,477
-58806,3,2368,478
-58806,3,2368,478
-58806,5,2387,479
-58806,5,2387,479
-58806,7,2406,480
-58806,7,2406,480
-58806,9,2424,481
-58806,9,2424,481
-58806,11,2439,482
-58806,11,2439,482
-58806,14,2451,483
-58806,14,2451,483
-58806,16,2457,484
-58806,16,2457,484
-58806,18,2458,485
-58806,18,2458,485
131210,20,2330,0
131210,20,2330,1
131210,20,2330,2
131210,20,2340,3
131210,30,2350,4
131210,30,2350,5
131210,30,2350,6
131210,30,2350,7
131210,40,2350,8
131210,40,2350,9
131210,40,2350,10
131210,50,2350,11
131210,50,2350,12
131210,50,2350,13
131210,60,2350,14
131210,60,2350,15
131210,60,2350,16
131210,70,2350,17
131210,70,2350,18
131210,70,2350,19
131210,80,2350,20
131210,80,2350,21
131210,90,2350,22
131210,90,2350,23
131210,90,2350,24
131210,100,2350,25
131210,100,2350,26
131210,110,2360,27
131210,110,2360,28
131210,110,2360,29
131210,120,2360,30
131210,120,2360,31
131210,130,2370,32
131210,130,2370,33
131210,140,2370,34
131210,140,2370,35
131210,150,2370,36
131210,150,2380,37
131210,160,2380,38
131210,160,2380,39
131210,170,2380,40
131210,170,2380,41
131210,180,2380,42
131210,180,2390,43
131210,190,2390,44
131210,200,2390,45
131210,200,2390,46
131210,210,2390,47
131210,210,2390,48
131210,220,2390,49
131210,220,2390,50
131210,230,2390,51
131210,240,2390,52
131210,240,2390,53
131210,250,2390,54
131210,250,2390,55
131210,260,2390,56
131210,260,2400,57
131210,270,2400,58
131210,280,2400,59
131210,280,2400,60
131210,290,2400,61
131210,300,2400,62
131210,300,2410,63
131210,310,2410,64
131210,320,2410,65
131210,320,2410,66
131210,330,2410,67
131210,340,2410,68
131210,340,2410,69
131210,350,2410,70
131210,350,2410,71
131210,360,2410,72
131210,360,2420,73
131210,370,2420,74
131210,380,2420,75
131210,380,2420,76
131210,390,2420,77
131210,400,2430,78
131210,410,2430,79
131210,410,2430,80
131210,420,2430,81
131210,430,2430,82
131210,430,2430,83
131210,440,2430,84
131210,450,2430,85
131210,460,2430,86
131210,460,2430,87
131210,470,2430,88
131210,480,2430,89
131210,480,2430,90
131210,490,2430,91
131210,500,2430,92
131210,510,2430,93
131210,510,2440,94
131210,520,2440,95
131210,530,2440,96
131210,540,2440,97
131210,540,2440,98
131210,550,2440,99
131210,560,2440,100
131210,560,2440,101
131210,570,2440,102
131210,580,2440,103
131210,590,2440,104
131210,600,2440,105
131210,600,2440,106
131210,610,2440,107
131210,620,2440,108
131210,630,2450,109
131210,630,2450,110
131210,640,2450,111
131210,650,2450,112
131210,660,2450,113
131210,670,2450,114
131210,670,2450,115
131210,680,2450,116
131210,690,2450,117
131210,700,2450,118
131210,700,2450,119
131210,710,2450,120
131210,710,2460,121
131210,720,2460,122
131210,730,2460,123
131210,740,2460,124
131210,750,2460,125
131210,750,2460,126
131210,760,2460,127
131210,770,2460,128
131210,780,2460,129
131210,780,2460,130
131210,790,2460,131
131210,800,2460,132
131210,810,2460,133
131210,810,2460,134
131210,820,2460,135
131210,830,2460,136
131210,840,2460,137
131210,850,2460,138
131210,850,2460,139
131210,860,2470,140
131210,870,2470,141
131210,880,2470,142
131210,890,2470,143
131210,890,2470,144
131210,900,2470,145
131210,910,2470,146
131210,920,2460,147
131210,920,2470,148
131210,930,2470,149
131210,940,2470,150
131210,950,2470,151
131210,960,2470,152
131210,960,2470,153
131210,970,2470,154
131210,980,2470,155
131210,990,2470,156
131210,1000,2470,157
131210,1000,2470,158
131210,1010,2470,159
131210,1020,2470,160
131210,1020,2470,161
131210,1030,2470,162
131210,1040,2470,163
131210,1050,2480,164
131210,1050,2470,165
131210,1060,2480,166
131210,1060,2480,167
131210,1070,2490,168
131210,1080,2490,169
131210,1090,2490,170
131210,1090,2480,171
131210,1100,2480,172
131210,1110,2480,173
131210,1110,2490,174
131210,1120,2490,175
131210,1130,2480,176
131210,1130,2480,177
131210,1140,2480,178
131210,1150,2480,179
131210,1160,2480,180
131210,1160,2480,181
131210,1170,2480,182
131210,1170,2470,183
131210,1180,2470,184
131210,1190,2480,185
131210,1200,2480,186
131210,1200,2470,187
131210,1210,2470,188
131210,1220,2470,189
131210,1220,2470,190
131210,1230,2470,191
131210,1230,2470,192
131210,1240,2470,193
131210,1250,2460,194
131210,1250,2460,195
131210,1260,2460,196
131210,1260,2460,197
131210,1270,2460,198
131210,1280,2450,199
131210,1280,2450,200
131210,1290,2450,201
131210,1290,2450,202
131210,1300,2440,203
131210,1310,2440,204
131210,1310,2440,205
131210,1320,2440,206
131210,1320,2430,207
131210,1330,2430,208
131210,1330,2430,209
131210,1340,2430,210
131210,1340,2420,211
131210,1350,2420,212
131210,1350,2420,213
131210,1360,2420,214
131210,1360,2420,215
131210,1370,2420,216
131210,1370,2420,217
131210,1380,2420,218
131210,1380,2420,219
131210,1380,2420,220
131210,1390,2420,221
131210,1390,2410,222
131210,1400,2410,223
131210,1400,2410,224
131210,1410,2410,225
131210,1410,2410,226
131210,1410,2410,227
131210,1410,2410,228
131210,1420,2410,229
131210,1420,2400,230
131210,1420,2400,231
131210,1430,2400,232
131210,1430,2400,233
131210,1440,2400,234
131210,1440,2400,235
131210,1440,2400,236
131210,1450,2390,237
131210,1450,2390,238
131210,1450,2390,239
131210,1450,2390,240
131210,1460,2380,241
131210,1460,2380,242
131210,1460,2380,243
131210,1470,2380,244
131210,1470,2380,245
131210,1470,2370,246
131210,1470,2370,247
131210,1480,2370,248
131210,1480,2370,249
131210,1480,2360,250
131210,1480,2360,251
131210,1490,2360,252
131210,1490,2360,253
131210,1490,2360,254
131210,1490,2350,255
131210,1490,2350,256
131210,1500,2350,257
131210,1500,2350,258
131210,1500,2350,259
131210,1500,2340,260
131210,1500,2340,261
131210,1500,2340,262
131210,1510,2330,263
131210,1510,2330,264
131210,1510,2330,265
131210,1510,2330,266
131210,1510,2330,267
131210,1510,2330,268
131210,1510,2320,269
131210,1510,2320,270
131210,1520,2320,271
131210,1520,2310,272
131210,1520,2310,273
131210,1520,2310,274
131210,1520,2310,275
131210,1520,2310,276
131210,1520,2300,277
131210,1520,2300,278
131210,1520,2300,279
131210,1520,2300,280
131210,1520,2290,281
131210,1520,2290,282
131210,1520,2290,283
131210,1520,2290,284
131210,1520,2290,285
131210,1520,2280,286
131210,1520,2280,287
131210,1520,2280,288
131210,1520,2270,289
131210,1520,2260,290
131210,1520,2250,291
131210,1520,2230,292
131210,1520,2220,293
131210,1520,2210,294
131210,1520,2210,295
131210,1520,2200,296
131210,1520,2190,297
131210,1520,2190,298
131210,1520,2190,299
131210,1520,2180,300
131210,1520,2170,301
131210,1520,2170,302
131210,1520,2170,303
131210,1520,2170,304
131210,1520,2170,305
131210,1520,2160,306
131210,1520,2160,307
131210,1520,2160,308
131210,1520,2150,309
131210,1520,2150,310
131210,1520,2140,311
131210,1520,2140,312
131210,1520,2140,313
131210,1510,2140,314
131210,1510,2140,315
131210,1510,2140,316
131210,1510,2140,317
131210,1510,2140,318
131210,1510,2140,319
131210,1510,2140,320
131210,1500,2140,321
131210,1500,2140,322
131210,1500,2140,323
131210,1500,2140,324
131210,1500,2140,325
131210,1500,2140,326
131210,1500,2140,327
131210,1490,2140,328
131210,1490,2140,329
131210,1490,2140,330
131210,1490,2140,331
131210,1490,2130,332
131210,1480,2130,333
131210,1480,2130,334
131210,1480,2130,335
131210,1480,2120,336
131210,1480,2120,337
131210,1470,2110,338
131210,1470,2110,339
131210,1470,2110,340
131210,1470,2110,341
131210,1470,2100,342
131210,1460,2100,343
131210,1460,2100,344
131210,1460,2100,345
131210,1460,2090,346
131210,1460,2090,347
131210,1450,2090,348
131210,1450,2090,349
131210,1450,2090,350
131210,1440,2090,351
131210,1440,2090,352
131210,1440,2090,353
131210,1440,2090,354
131210,1430,2080,355
131210,1430,2080,356
131210,1430,2080,357
131210,1430,2080,358
131210,1420,2080,359
131210,1420,2080,360
131210,1420,2080,361
131210,1410,2080,362
131210,1410,2080,363
131210,1410,2080,364
131210,1410,2080,365
131210,1410,2080,366
131210,1400,2080,367
131210,1400,2080,368
131210,1400,2080,369
131210,1400,2080,370
131210,1390,2070,371
131210,1390,2070,372
131210,1380,2070,373
131210,1380,2070,374
131210,1380,2060,375
131210,1380,2070,376
131210,1370,2070,377
131210,1370,2060,378
131210,1360,2060,379
131210,1360,2050,380
131210,1360,2050,381
131210,1350,2050,382
131210,1350,2050,383
131210,1350,2050,384
131210,1340,2050,385
131210,1340,2050,386
131210,1340,2040,387
131210,1330,2040,388
131210,1330,2040,389
131210,1320,2040,390
131210,1320,2030,391
131210,1320,2030,392
131210,1310,2040,393
131210,1310,2040,394
131210,1300,2030,395
131210,1300,2030,396
131210,1290,2030,397
131210,1290,2030,398
131210,1290,2030,399
131210,1280,2030,400
131210,1280,2030,401
131210,1270,2030,402
131210,1270,2030,403
131210,1270,2030,404
131210,1260,2030,405
131210,1260,2030,406
131210,1250,2030,407
131210,1250,2030,408
131210,1240,2020,409
131210,1240,2020,410
131210,1230,2020,411
131210,1230,2020,412
131210,1220,2020,413
131210,1220,2010,414
131210,1210,2010,415
131210,1210,2000,416
131210,1200,2000,417
131210,1200,2000,418
131210,1200,1990,419
131210,1190,1990,420
131210,1190,1990,421
131210,1180,1990,422
131210,1170,1990,423
131210,1170,1980,424
131210,1160,1980,425
131210,1160,1980,426
131210,1150,1980,427
131210,1150,1980,428
131210,1140,1970,429
131210,1140,1970,430
131210,1130,1960,431
131210,1130,1960,432
131210,1120,1960,433
131210,1110,1960,434
131210,1110,1960,435
131210,1100,1960,436
131210,1100,1960,437
131210,1090,1950,438
131210,1090,1950,439
131210,1080,1950,440
131210,1070,1950,441
131210,1070,1950,442
131210,1060,1950,443
131210,1060,1940,444
131210,1060,1940,445
131210,1050,1940,446
131210,1040,1940,447
131210,1040,1930,448
131210,1030,1930,449
131210,1020,1930,450
131210,1020,1920,451
131210,1010,1920,452
131210,1000,1920,453
131210,1000,1910,454
131210,990,1910,455
131210,990,1910,456
131210,980,1910,457
131210,970,1910,458
131210,960,1910,459
131210,960,1910,460
131210,950,1900,461
131210,940,1900,462
131210,940,1900,463
131210,930,1900,464
131210,920,1900,465
131210,920,1890,466
131210,910,1890,467
131210,900,1890,468
131210,900,1890,469
131210,890,1890,470
131210,880,1880,471
131210,870,1880,472
131210,870,1880,473
131210,860,1880,474
131210,850,1870,475
131210,840,1870,476
131210,840,1870,477
131210,830,1870,478
131210,820,1870,479
131210,820,1860,480
131210,810,1860,481
131210,800,1860,482
131210,790,1860,483
131210,780,1860,484
131210,780,1850,485
131210,770,1850,486
131210,760,1850,487
131210,750,1850,488
131210,750,1850,489
131210,740,1850,490
131210,730,1850,491
131210,720,1850,492
131210,710,1840,493
131210,710,1840,494
131210,700,1840,495
131210,700,1840,496
131210,690,1840,497
131210,680,1840,498
131210,670,1840,499
131210,660,1830,500
131210,650,1830,501
131210,650,1830,502
131210,640,1830,503
131210,630,1830,504
131210,620,1830,505
131210,610,1830,506
131210,600,1830,507
131210,600,1820,508
131210,590,1820,509
131210,580,1820,510
131210,570,1820,511
131210,560,1820,512
131210,550,1820,513
131210,550,1820,514
131210,540,1820,515
131210,530,1820,516
131210,520,1820,517
131210,510,1820,518
131210,510,1820,519
131210,500,1820,520
131210,490,1820,521
131210,480,1820,522
131210,470,1820,523
131210,460,1820,524
131210,460,1820,525
131210,450,1820,526
131210,440,1820,527
131210,430,1820,528
131210,420,1820,529
131210,410,1820,530
131210,410,1820,531
131210,400,1820,532
131210,390,1820,533
131210,380,1820,534
131210,370,1820,535
131210,370,1820,536
131210,360,1820,537
131210,350,1820,538
131210,350,1820,539
131210,340,1820,540
131210,330,1820,541
131210,320,1820,542
131210,320,1820,543
131210,310,1820,544
131210,300,1820,545
131210,290,1820,546
131210,290,1820,547
131210,280,1820,548
131210,270,1820,549
131210,260,1820,550
131210,260,1830,551
131210,250,1830,552
131210,240,1830,553
131210,240,1840,554
131210,230,1840,555
131210,220,1840,556
131210,220,1840,557
131210,210,1850,558
131210,200,1850,559
131210,200,1850,560
131210,190,1860,561
131210,180,1860,562
131210,180,1860,563
131210,170,1870,564
131210,160,1870,565
131210,160,1870,566
131210,150,1870,567
131210,150,1880,568
131210,140,1880,569
131210,130,1880,570
131210,130,1880,571
131210,120,1880,572
131210,120,1890,573
131210,110,1890,574
131210,110,1890,575
131210,100,1890,576
131210,100,1890,577
131210,90,1900,578
131210,90,1900,579
131210,80,1900,580
131210,80,1900,581
131210,80,1900,582
131210,70,1910,583
131210,70,1910,584
131210,60,1910,585
131210,60,1910,586
131210,60,1910,587
131210,50,1910,588
131210,50,1920,589
131210,50,1920,590
131210,40,1930,591
131210,40,1930,592
131210,40,1930,593
131210,30,1930,594
131210,30,1940,595
131210,30,1940,596
131210,30,1940,597
131210,20,1950,598
131210,20,1950,599
131210,20,1950,600
131210,20,1950,601
131210,10,1960,602
131210,10,1960,603
131210,10,1970,604
131210,10,1980,605
131210,10,1980,606
131210,10,1990,607
131210,10,2000,608
131210,0,2000,609
131210,0,2010,610
131210,0,2020,611
131210,0,2020,612
131210,0,2030,613
131210,0,2040,614
131210,0,2050,615
131210,0,2060,616
131210,0,2070,617
131210,0,2080,618
131210,0,2100,619
131210,0,2120,620
131210,0,2150,621
131210,0,2180,622
131210,0,2210,623
131210,0,2220,624
131210,0,2230,625
131210,0,2240,626
131210,0,2260,627
131210,0,2260,628
131210,0,2270,629
131210,0,2280,630
131210,0,2290,631
131210,10,2290,632
131210,10,2300,633
131210,10,2300,634
131210,10,2310,635
131210,10,2310,636
131210,10,2310,637
131210,20,2320,638
